Type Name,Base Type,Value Name,Value,Comment,,,,,,,,,,,,,
file,enum,,,,,,,,,,,,,,,,
,,device,1,"Read only, single file. Must be in root directory.",,,,,,,,,,,,,
,,settings,2,"Read/write, single file. Directory=Settings",,,,,,,,,,,,,
,,sport,3,"Read/write, multiple files, file number = sport type. Directory=Sports",,,,,,,,,,,,,
,,activity,4,"Read/erase, multiple files. Directory=Activities",,,,,,,,,,,,,
,,workout,5,"Read/write/erase, multiple files. Directory=Workouts",,,,,,,,,,,,,
,,course,6,"Read/write/erase, multiple files. Directory=Courses",,,,,,,,,,,,,
,,schedules,7,"Read/write, single file. Directory=Schedules",,,,,,,,,,,,,
,,weight,9,"Read only, single file. Circular buffer. All message definitions at start of file. Directory=Weight",,,,,,,,,,,,,
,,totals,10,"Read only, single file. Directory=Totals",,,,,,,,,,,,,
,,goals,11,"Read/write, single file. Directory=Goals",,,,,,,,,,,,,
,,blood_pressure,14,Read only. Directory=Blood Pressure,,,,,,,,,,,,,
,,monitoring_a,15,Read only. Directory=Monitoring. File number=sub type.,,,,,,,,,,,,,
,,activity_summary,20,"Read/erase, multiple files. Directory=Activities",,,,,,,,,,,,,
,,monitoring_daily,28,,,,,,,,,,,,,,
,,monitoring_b,32,Read only. Directory=Monitoring. File number=identifier,,,,,,,,,,,,,
,,segment,34,Read/write/erase. Multiple Files.  Directory=Segments,,,,,,,,,,,,,
,,segment_list,35,Read/write/erase. Single File.  Directory=Segments,,,,,,,,,,,,,
,,mfg_range_min,0xF7,0xF7 - 0xFE reserved for manufacturer specific file types,,,,,,,,,,,,,
,,mfg_range_max,0xFE,0xF7 - 0xFE reserved for manufacturer specific file types,,,,,,,,,,,,,
,,,,,,,,,,,,,,,,,
mesg_num,uint16,,,,,,,,,,,,,,,,
,,file_id,0,,,,,,,,,,,,,,
,,capabilities,1,,,,,,,,,,,,,,
,,device_settings,2,,,,,,,,,,,,,,
,,user_profile,3,,,,,,,,,,,,,,
,,hrm_profile,4,,,,,,,,,,,,,,
,,sdm_profile,5,,,,,,,,,,,,,,
,,bike_profile,6,,,,,,,,,,,,,,
,,zones_target,7,,,,,,,,,,,,,,
,,hr_zone,8,,,,,,,,,,,,,,
,,power_zone,9,,,,,,,,,,,,,,
,,met_zone,10,,,,,,,,,,,,,,
,,sport,12,,,,,,,,,,,,,,
,,goal,15,,,,,,,,,,,,,,
,,session,18,,,,,,,,,,,,,,
,,lap,19,,,,,,,,,,,,,,
,,record,20,,,,,,,,,,,,,,
,,event,21,,,,,,,,,,,,,,
,,device_info,23,,,,,,,,,,,,,,
,,workout,26,,,,,,,,,,,,,,
,,workout_step,27,,,,,,,,,,,,,,
,,schedule,28,,,,,,,,,,,,,,
,,weight_scale,30,,,,,,,,,,,,,,
,,course,31,,,,,,,,,,,,,,
,,course_point,32,,,,,,,,,,,,,,
,,totals,33,,,,,,,,,,,,,,
,,activity,34,,,,,,,,,,,,,,
,,software,35,,,,,,,,,,,,,,
,,file_capabilities,37,,,,,,,,,,,,,,
,,mesg_capabilities,38,,,,,,,,,,,,,,
,,field_capabilities,39,,,,,,,,,,,,,,
,,file_creator,49,,,,,,,,,,,,,,
,,blood_pressure,51,,,,,,,,,,,,,,
,,speed_zone,53,,,,,,,,,,,,,,
,,monitoring,55,,,,,,,,,,,,,,
,,training_file,72,,,,,,,,,,,,,,
,,hrv,78,,,,,,,,,,,,,,
,,length,101,,,,,,,,,,,,,,
,,monitoring_info,103,,,,,,,,,,,,,,
,,pad,105,,,,,,,,,,,,,,
,,slave_device,106,,,,,,,,,,,,,,
,,cadence_zone,131,,,,,,,,,,,,,,
,,segment_lap,142,,,,,,,,,,,,,,
,,memo_glob,145,,,,,,,,,,,,,,
,,segment_id,148,,,,,,,,,,,,,,
,,segment_leaderboard_entry,149,,,,,,,,,,,,,,
,,segment_point,150,,,,,,,,,,,,,,
,,segment_file,151,,,,,,,,,,,,,,
,,mfg_range_min,0xFF00,0xFF00 - 0xFFFE reserved for manufacturer specific messages,,,,,,,,,,,,,
,,mfg_range_max,0xFFFE,0xFF00 - 0xFFFE reserved for manufacturer specific messages,,,,,,,,,,,,,
,,,,,,,,,,,,,,,,,
checksum,uint8,,,,,,,,,,,,,,,,
,,clear,0,Allows clear of checksum for flash memory where can only write 1 to 0 without erasing sector.,,,,,,,,,,,,,
,,ok,1,Set to mark checksum as valid if computes to invalid values 0 or 0xFF.  Checksum can also be set to ok to save encoding computation time.,,,,,,,,,,,,,
,,,,,,,,,,,,,,,,,
file_flags,uint8z,,,,,,,,,,,,,,,,
,,read,0x02,,,,,,,,,,,,,,
,,write,0x04,,,,,,,,,,,,,,
,,erase,0x08,,,,,,,,,,,,,,
,,,,,,,,,,,,,,,,,
mesg_count,enum,,,,,,,,,,,,,,,,
,,num_per_file,0,,,,,,,,,,,,,,
,,max_per_file,1,,,,,,,,,,,,,,
,,max_per_file_type,2,,,,,,,,,,,,,,
,,,,,,,,,,,,,,,,,
date_time,uint32,,,seconds since UTC 00:00 Dec 31 1989,,,,,,,,,,,,,
,,min,0x10000000,if date_time is < 0x10000000 then it is system time (seconds from device power on),,,,,,,,,,,,,
,,,,,,,,,,,,,,,,,
local_date_time,uint32,,,seconds since 00:00 Dec 31 1989 in local time zone,,,,,,,,,,,,,
,,min,0x10000000,if date_time is < 0x10000000 then it is system time (seconds from device power on),,,,,,,,,,,,,
,,,,,,,,,,,,,,,,,
message_index,uint16,,,,,,,,,,,,,,,,
,,selected,0x8000,message is selected if set,,,,,,,,,,,,,
,,reserved,0x7000,reserved (default 0),,,,,,,,,,,,,
,,mask,0x0FFF,index,,,,,,,,,,,,,
,,,,,,,,,,,,,,,,,
device_index,uint8,,,,,,,,,,,,,,,,
,,creator,0,Creator of the file is always device index 0.,,,,,,,,,,,,,
,,,,,,,,,,,,,,,,,
gender,enum,,,,,,,,,,,,,,,,
,,female,0,,,,,,,,,,,,,,
,,male,1,,,,,,,,,,,,,,
,,,,,,,,,,,,,,,,,
language,enum,,,,,,,,,,,,,,,,
,,english,0,,,,,,,,,,,,,,
,,french,1,,,,,,,,,,,,,,
,,italian,2,,,,,,,,,,,,,,
,,german,3,,,,,,,,,,,,,,
,,spanish,4,,,,,,,,,,,,,,
,,croatian,5,,,,,,,,,,,,,,
,,czech,6,,,,,,,,,,,,,,
,,danish,7,,,,,,,,,,,,,,
,,dutch,8,,,,,,,,,,,,,,
,,finnish,9,,,,,,,,,,,,,,
,,greek,10,,,,,,,,,,,,,,
,,hungarian,11,,,,,,,,,,,,,,
,,norwegian,12,,,,,,,,,,,,,,
,,polish,13,,,,,,,,,,,,,,
,,portuguese,14,,,,,,,,,,,,,,
,,slovakian,15,,,,,,,,,,,,,,
,,slovenian,16,,,,,,,,,,,,,,
,,swedish,17,,,,,,,,,,,,,,
,,russian,18,,,,,,,,,,,,,,
,,turkish,19,,,,,,,,,,,,,,
,,latvian,20,,,,,,,,,,,,,,
,,ukrainian,21,,,,,,,,,,,,,,
,,arabic,22,,,,,,,,,,,,,,
,,farsi,23,,,,,,,,,,,,,,
,,bulgarian,24,,,,,,,,,,,,,,
,,romanian,25,,,,,,,,,,,,,,
,,custom,254,,,,,,,,,,,,,,
,,,,,,,,,,,,,,,,,
time_zone,enum,,,,,,,,,,,,,,,,
,,almaty,0,,,,,,,,,,,,,,
,,bangkok,1,,,,,,,,,,,,,,
,,bombay,2,,,,,,,,,,,,,,
,,brasilia,3,,,,,,,,,,,,,,
,,cairo,4,,,,,,,,,,,,,,
,,cape_verde_is,5,,,,,,,,,,,,,,
,,darwin,6,,,,,,,,,,,,,,
,,eniwetok,7,,,,,,,,,,,,,,
,,fiji,8,,,,,,,,,,,,,,
,,hong_kong,9,,,,,,,,,,,,,,
,,islamabad,10,,,,,,,,,,,,,,
,,kabul,11,,,,,,,,,,,,,,
,,magadan,12,,,,,,,,,,,,,,
,,mid_atlantic,13,,,,,,,,,,,,,,
,,moscow,14,,,,,,,,,,,,,,
,,muscat,15,,,,,,,,,,,,,,
,,newfoundland,16,,,,,,,,,,,,,,
,,samoa,17,,,,,,,,,,,,,,
,,sydney,18,,,,,,,,,,,,,,
,,tehran,19,,,,,,,,,,,,,,
,,tokyo,20,,,,,,,,,,,,,,
,,us_alaska,21,,,,,,,,,,,,,,
,,us_atlantic,22,,,,,,,,,,,,,,
,,us_central,23,,,,,,,,,,,,,,
,,us_eastern,24,,,,,,,,,,,,,,
,,us_hawaii,25,,,,,,,,,,,,,,
,,us_mountain,26,,,,,,,,,,,,,,
,,us_pacific,27,,,,,,,,,,,,,,
,,other,28,,,,,,,,,,,,,,
,,auckland,29,,,,,,,,,,,,,,
,,kathmandu,30,,,,,,,,,,,,,,
,,europe_western_wet,31,,,,,,,,,,,,,,
,,europe_central_cet,32,,,,,,,,,,,,,,
,,europe_eastern_eet,33,,,,,,,,,,,,,,
,,jakarta,34,,,,,,,,,,,,,,
,,perth,35,,,,,,,,,,,,,,
,,adelaide,36,,,,,,,,,,,,,,
,,brisbane,37,,,,,,,,,,,,,,
,,tasmania,38,,,,,,,,,,,,,,
,,iceland,39,,,,,,,,,,,,,,
,,amsterdam,40,,,,,,,,,,,,,,
,,athens,41,,,,,,,,,,,,,,
,,barcelona,42,,,,,,,,,,,,,,
,,berlin,43,,,,,,,,,,,,,,
,,brussels,44,,,,,,,,,,,,,,
,,budapest,45,,,,,,,,,,,,,,
,,copenhagen,46,,,,,,,,,,,,,,
,,dublin,47,,,,,,,,,,,,,,
,,helsinki,48,,,,,,,,,,,,,,
,,lisbon,49,,,,,,,,,,,,,,
,,london,50,,,,,,,,,,,,,,
,,madrid,51,,,,,,,,,,,,,,
,,munich,52,,,,,,,,,,,,,,
,,oslo,53,,,,,,,,,,,,,,
,,paris,54,,,,,,,,,,,,,,
,,prague,55,,,,,,,,,,,,,,
,,reykjavik,56,,,,,,,,,,,,,,
,,rome,57,,,,,,,,,,,,,,
,,stockholm,58,,,,,,,,,,,,,,
,,vienna,59,,,,,,,,,,,,,,
,,warsaw,60,,,,,,,,,,,,,,
,,zurich,61,,,,,,,,,,,,,,
,,quebec,62,,,,,,,,,,,,,,
,,ontario,63,,,,,,,,,,,,,,
,,manitoba,64,,,,,,,,,,,,,,
,,saskatchewan,65,,,,,,,,,,,,,,
,,alberta,66,,,,,,,,,,,,,,
,,british_columbia,67,,,,,,,,,,,,,,
,,boise,68,,,,,,,,,,,,,,
,,boston,69,,,,,,,,,,,,,,
,,chicago,70,,,,,,,,,,,,,,
,,dallas,71,,,,,,,,,,,,,,
,,denver,72,,,,,,,,,,,,,,
,,kansas_city,73,,,,,,,,,,,,,,
,,las_vegas,74,,,,,,,,,,,,,,
,,los_angeles,75,,,,,,,,,,,,,,
,,miami,76,,,,,,,,,,,,,,
,,minneapolis,77,,,,,,,,,,,,,,
,,new_york,78,,,,,,,,,,,,,,
,,new_orleans,79,,,,,,,,,,,,,,
,,phoenix,80,,,,,,,,,,,,,,
,,santa_fe,81,,,,,,,,,,,,,,
,,seattle,82,,,,,,,,,,,,,,
,,washington_dc,83,,,,,,,,,,,,,,
,,us_arizona,84,,,,,,,,,,,,,,
,,chita,85,,,,,,,,,,,,,,
,,ekaterinburg,86,,,,,,,,,,,,,,
,,irkutsk,87,,,,,,,,,,,,,,
,,kaliningrad,88,,,,,,,,,,,,,,
,,krasnoyarsk,89,,,,,,,,,,,,,,
,,novosibirsk,90,,,,,,,,,,,,,,
,,petropavlovsk_kamchatskiy,91,,,,,,,,,,,,,,
,,samara,92,,,,,,,,,,,,,,
,,vladivostok,93,,,,,,,,,,,,,,
,,mexico_central,94,,,,,,,,,,,,,,
,,mexico_mountain,95,,,,,,,,,,,,,,
,,mexico_pacific,96,,,,,,,,,,,,,,
,,cape_town,97,,,,,,,,,,,,,,
,,winkhoek,98,,,,,,,,,,,,,,
,,lagos,99,,,,,,,,,,,,,,
,,riyahd,100,,,,,,,,,,,,,,
,,venezuela,101,,,,,,,,,,,,,,
,,australia_lh,102,,,,,,,,,,,,,,
,,santiago,103,,,,,,,,,,,,,,
,,manual,253,,,,,,,,,,,,,,
,,automatic,254,,,,,,,,,,,,,,
,,,,,,,,,,,,,,,,,
display_measure,enum,,,,,,,,,,,,,,,,
,,metric,0,,,,,,,,,,,,,,
,,statute,1,,,,,,,,,,,,,,
,,,,,,,,,,,,,,,,,
display_heart,enum,,,,,,,,,,,,,,,,
,,bpm,0,,,,,,,,,,,,,,
,,max,1,,,,,,,,,,,,,,
,,reserve,2,,,,,,,,,,,,,,
,,,,,,,,,,,,,,,,,
display_power,enum,,,,,,,,,,,,,,,,
,,watts,0,,,,,,,,,,,,,,
,,percent_ftp,1,,,,,,,,,,,,,,
,,,,,,,,,,,,,,,,,
display_position,enum,,,,,,,,,,,,,,,,
,,degree,0,dd.dddddd                       ,,,,,,,,,,,,,
,,degree_minute,1,dddmm.mmm                       ,,,,,,,,,,,,,
,,degree_minute_second,2,dddmmss                         ,,,,,,,,,,,,,
,,austrian_grid,3,Austrian Grid (BMN)             ,,,,,,,,,,,,,
,,british_grid,4,British National Grid           ,,,,,,,,,,,,,
,,dutch_grid,5,Dutch grid system               ,,,,,,,,,,,,,
,,hungarian_grid,6,Hungarian grid system           ,,,,,,,,,,,,,
,,finnish_grid,7,Finnish grid system Zone3 KKJ27 ,,,,,,,,,,,,,
,,german_grid,8,Gausss Krueger (German)         ,,,,,,,,,,,,,
,,icelandic_grid,9,Icelandic Grid                  ,,,,,,,,,,,,,
,,indonesian_equatorial,10,Indonesian Equatorial LCO       ,,,,,,,,,,,,,
,,indonesian_irian,11,Indonesian Irian LCO            ,,,,,,,,,,,,,
,,indonesian_southern,12,Indonesian Southern LCO         ,,,,,,,,,,,,,
,,india_zone_0,13,India zone 0                    ,,,,,,,,,,,,,
,,india_zone_IA,14,India zone IA                   ,,,,,,,,,,,,,
,,india_zone_IB,15,India zone IB                   ,,,,,,,,,,,,,
,,india_zone_IIA,16,India zone IIA                  ,,,,,,,,,,,,,
,,india_zone_IIB,17,India zone IIB                  ,,,,,,,,,,,,,
,,india_zone_IIIA,18,India zone IIIA                 ,,,,,,,,,,,,,
,,india_zone_IIIB,19,India zone IIIB                 ,,,,,,,,,,,,,
,,india_zone_IVA,20,India zone IVA                  ,,,,,,,,,,,,,
,,india_zone_IVB,21,India zone IVB                  ,,,,,,,,,,,,,
,,irish_transverse,22,Irish Transverse Mercator       ,,,,,,,,,,,,,
,,irish_grid,23,Irish Grid                      ,,,,,,,,,,,,,
,,loran,24,Loran TD                        ,,,,,,,,,,,,,
,,maidenhead_grid,25,Maidenhead grid system          ,,,,,,,,,,,,,
,,mgrs_grid,26,MGRS grid system                ,,,,,,,,,,,,,
,,new_zealand_grid,27,New Zealand grid system         ,,,,,,,,,,,,,
,,new_zealand_transverse,28,New Zealand Transverse Mercator ,,,,,,,,,,,,,
,,qatar_grid,29,Qatar National Grid             ,,,,,,,,,,,,,
,,modified_swedish_grid,30,Modified RT-90 (Sweden)         ,,,,,,,,,,,,,
,,swedish_grid,31,RT-90 (Sweden)                  ,,,,,,,,,,,,,
,,south_african_grid,32,South African Grid              ,,,,,,,,,,,,,
,,swiss_grid,33,Swiss CH-1903 grid              ,,,,,,,,,,,,,
,,taiwan_grid,34,Taiwan Grid                     ,,,,,,,,,,,,,
,,united_states_grid,35,United States National Grid     ,,,,,,,,,,,,,
,,utm_ups_grid,36,UTM/UPS grid system             ,,,,,,,,,,,,,
,,west_malayan,37,West Malayan RSO                ,,,,,,,,,,,,,
,,borneo_rso,38,Borneo RSO,,,,,,,,,,,,,
,,estonian_grid,39,Estonian grid system,,,,,,,,,,,,,
,,latvian_grid,40,Latvian Transverse Mercator,,,,,,,,,,,,,
,,swedish_ref_99_grid,41,Reference Grid 99 TM (Swedish),,,,,,,,,,,,,
,,,,,,,,,,,,,,,,,
sport,enum,,,,,,,,,,,,,,,,
,,generic,0,,,,,,,,,,,,,,
,,running,1,,,,,,,,,,,,,,
,,cycling,2,,,,,,,,,,,,,,
,,transition,3,Mulitsport transition,,,,,,,,,,,,,
,,fitness_equipment,4,,,,,,,,,,,,,,
,,swimming,5,,,,,,,,,,,,,,
,,basketball,6,,,,,,,,,,,,,,
,,soccer,7,,,,,,,,,,,,,,
,,tennis,8,,,,,,,,,,,,,,
,,american_football,9,,,,,,,,,,,,,,
,,training,10,,,,,,,,,,,,,,
,,walking,11,,,,,,,,,,,,,,
,,cross_country_skiing,12,,,,,,,,,,,,,,
,,alpine_skiing,13,,,,,,,,,,,,,,
,,snowboarding,14,,,,,,,,,,,,,,
,,rowing,15,,,,,,,,,,,,,,
,,mountaineering,16,,,,,,,,,,,,,,
,,hiking,17,,,,,,,,,,,,,,
,,multisport,18,,,,,,,,,,,,,,
,,paddling,19,,,,,,,,,,,,,,
,,flying,20,,,,,,,,,,,,,,
,,e_biking,21,,,,,,,,,,,,,,
,,all,254,All is for goals only to include all sports.,,,,,,,,,,,,,
,,,,,,,,,,,,,,,,,
sport_bits_0,uint8z,,,Bit field corresponding to sport enum type (1 << sport).,,,,,,,,,,,,,
,,generic,0x01,,,,,,,,,,,,,,
,,running,0x02,,,,,,,,,,,,,,
,,cycling,0x04,,,,,,,,,,,,,,
,,transition,0x08,Mulitsport transition,,,,,,,,,,,,,
,,fitness_equipment,0x10,,,,,,,,,,,,,,
,,swimming,0x20,,,,,,,,,,,,,,
,,basketball,0x40,,,,,,,,,,,,,,
,,soccer,0x80,,,,,,,,,,,,,,
,,,,,,,,,,,,,,,,,
sport_bits_1,uint8z,,,Bit field corresponding to sport enum type (1 << (sport-8)).,,,,,,,,,,,,,
,,tennis,0x01,,,,,,,,,,,,,,
,,american_football,0x02,,,,,,,,,,,,,,
,,training,0x04,,,,,,,,,,,,,,
,,walking,0x08,,,,,,,,,,,,,,
,,cross_country_skiing,0x10,,,,,,,,,,,,,,
,,alpine_skiing,0x20,,,,,,,,,,,,,,
,,snowboarding,0x40,,,,,,,,,,,,,,
,,rowing,0x80,,,,,,,,,,,,,,
,,,,,,,,,,,,,,,,,
sport_bits_2,uint8z,,,Bit field corresponding to sport enum type (1 << (sport-16)).,,,,,,,,,,,,,
,,mountaineering,0x01,,,,,,,,,,,,,,
,,hiking,0x02,,,,,,,,,,,,,,
,,multisport,0x04,,,,,,,,,,,,,,
,,paddling,0x08,,,,,,,,,,,,,,
,,flying,0x10,,,,,,,,,,,,,,
,,e_biking,0x20,,,,,,,,,,,,,,
,,,,,,,,,,,,,,,,,
sub_sport,enum,,,,,,,,,,,,,,,,
,,generic,0,,,,,,,,,,,,,,
,,treadmill,1,Run/Fitness Equipment,,,,,,,,,,,,,
,,street,2,Run,,,,,,,,,,,,,
,,trail,3,Run,,,,,,,,,,,,,
,,track,4,Run,,,,,,,,,,,,,
,,spin,5,Cycling,,,,,,,,,,,,,
,,indoor_cycling,6,Cycling/Fitness Equipment,,,,,,,,,,,,,
,,road,7,Cycling,,,,,,,,,,,,,
,,mountain,8,Cycling,,,,,,,,,,,,,
,,downhill,9,Cycling,,,,,,,,,,,,,
,,recumbent,10,Cycling,,,,,,,,,,,,,
,,cyclocross,11,Cycling,,,,,,,,,,,,,
,,hand_cycling,12,Cycling,,,,,,,,,,,,,
,,track_cycling,13,Cycling,,,,,,,,,,,,,
,,indoor_rowing,14,Fitness Equipment,,,,,,,,,,,,,
,,elliptical,15,Fitness Equipment,,,,,,,,,,,,,
,,stair_climbing,16,Fitness Equipment,,,,,,,,,,,,,
,,lap_swimming,17,Swimming,,,,,,,,,,,,,
,,open_water,18,Swimming,,,,,,,,,,,,,
,,flexibility_training,19,Training,,,,,,,,,,,,,
,,strength_training,20,Training,,,,,,,,,,,,,
,,warm_up,21,Tennis,,,,,,,,,,,,,
,,match,22,Tennis,,,,,,,,,,,,,
,,exercise,23,Tennis,,,,,,,,,,,,,
,,challenge,24,Tennis,,,,,,,,,,,,,
,,indoor_skiing,25,Fitness Equipment,,,,,,,,,,,,,
,,cardio_training,26,Training,,,,,,,,,,,,,
,,indoor_walking,27,Walking/Fitness Equipment,,,,,,,,,,,,,
,,e_bike_fitness,28,E-Biking,,,,,,,,,,,,,
,,all,254,,,,,,,,,,,,,,
,,,,,,,,,,,,,,,,,
sport_event,enum,,,,,,,,,,,,,,,,
,,uncategorized,0,,,,,,,,,,,,,,
,,geocaching,1,,,,,,,,,,,,,,
,,fitness,2,,,,,,,,,,,,,,
,,recreation,3,,,,,,,,,,,,,,
,,race,4,,,,,,,,,,,,,,
,,special_event,5,,,,,,,,,,,,,,
,,training,6,,,,,,,,,,,,,,
,,transportation,7,,,,,,,,,,,,,,
,,touring,8,,,,,,,,,,,,,,
,,,,,,,,,,,,,,,,,
activity,enum,,,,,,,,,,,,,,,,
,,manual,0,,,,,,,,,,,,,,
,,auto_multi_sport,1,,,,,,,,,,,,,,
,,,,,,,,,,,,,,,,,
intensity,enum,,,,,,,,,,,,,,,,
,,active,0,,,,,,,,,,,,,,
,,rest,1,,,,,,,,,,,,,,
,,warmup,2,,,,,,,,,,,,,,
,,cooldown,3,,,,,,,,,,,,,,
,,,,,,,,,,,,,,,,,
session_trigger,enum,,,,,,,,,,,,,,,,
,,activity_end,0,,,,,,,,,,,,,,
,,manual,1,User changed sport.,,,,,,,,,,,,,
,,auto_multi_sport,2,Auto multi-sport feature is enabled and user pressed lap button to advance session.,,,,,,,,,,,,,
,,fitness_equipment,3,Auto sport change caused by user linking to fitness equipment.,,,,,,,,,,,,,
,,,,,,,,,,,,,,,,,
autolap_trigger,enum,,,,,,,,,,,,,,,,
,,time,0,,,,,,,,,,,,,,
,,distance,1,,,,,,,,,,,,,,
,,position_start,2,,,,,,,,,,,,,,
,,position_lap,3,,,,,,,,,,,,,,
,,position_waypoint,4,,,,,,,,,,,,,,
,,position_marked,5,,,,,,,,,,,,,,
,,off,6,,,,,,,,,,,,,,
,,,,,,,,,,,,,,,,,
lap_trigger,enum,,,,,,,,,,,,,,,,
,,manual,0,,,,,,,,,,,,,,
,,time,1,,,,,,,,,,,,,,
,,distance,2,,,,,,,,,,,,,,
,,position_start,3,,,,,,,,,,,,,,
,,position_lap,4,,,,,,,,,,,,,,
,,position_waypoint,5,,,,,,,,,,,,,,
,,position_marked,6,,,,,,,,,,,,,,
,,session_end,7,,,,,,,,,,,,,,
,,fitness_equipment,8,,,,,,,,,,,,,,
,,,,,,,,,,,,,,,,,
event,enum,,,,,,,,,,,,,,,,
,,timer,0,Group 0.  Start / stop_all,,,,,,,,,,,,,
,,workout,3,start / stop,,,,,,,,,,,,,
,,workout_step,4,Start at beginning of workout.  Stop at end of each step.,,,,,,,,,,,,,
,,power_down,5,stop_all group 0,,,,,,,,,,,,,
,,power_up,6,stop_all group 0,,,,,,,,,,,,,
,,off_course,7,start / stop group 0,,,,,,,,,,,,,
,,session,8,Stop at end of each session.,,,,,,,,,,,,,
,,lap,9,Stop at end of each lap.,,,,,,,,,,,,,
,,course_point,10,marker,,,,,,,,,,,,,
,,battery,11,marker,,,,,,,,,,,,,
,,virtual_partner_pace,12,"Group 1. Start at beginning of activity if VP enabled, when VP pace is changed during activity or VP enabled mid activity.  stop_disable when VP disabled.",,,,,,,,,,,,,
,,hr_high_alert,13,Group 0.  Start / stop when in alert condition.,,,,,,,,,,,,,
,,hr_low_alert,14,Group 0.  Start / stop when in alert condition.,,,,,,,,,,,,,
,,speed_high_alert,15,Group 0.  Start / stop when in alert condition.,,,,,,,,,,,,,
,,speed_low_alert,16,Group 0.  Start / stop when in alert condition.,,,,,,,,,,,,,
,,cad_high_alert,17,Group 0.  Start / stop when in alert condition.,,,,,,,,,,,,,
,,cad_low_alert,18,Group 0.  Start / stop when in alert condition.,,,,,,,,,,,,,
,,power_high_alert,19,Group 0.  Start / stop when in alert condition.,,,,,,,,,,,,,
,,power_low_alert,20,Group 0.  Start / stop when in alert condition.,,,,,,,,,,,,,
,,recovery_hr,21,marker,,,,,,,,,,,,,
,,battery_low,22,marker,,,,,,,,,,,,,
,,time_duration_alert,23,Group 1.  Start if enabled mid activity (not required at start of activity). Stop when duration is reached.  stop_disable if disabled.,,,,,,,,,,,,,
,,distance_duration_alert,24,Group 1.  Start if enabled mid activity (not required at start of activity). Stop when duration is reached.  stop_disable if disabled.,,,,,,,,,,,,,
,,calorie_duration_alert,25,Group 1.  Start if enabled mid activity (not required at start of activity). Stop when duration is reached.  stop_disable if disabled.,,,,,,,,,,,,,
,,activity,26,Group 1..  Stop at end of activity.,,,,,,,,,,,,,
,,fitness_equipment,27,marker,,,,,,,,,,,,,
,,length,28,Stop at end of each length.,,,,,,,,,,,,,
,,user_marker,32,marker,,,,,,,,,,,,,
,,sport_point,33,marker,,,,,,,,,,,,,
,,calibration,36,start/stop/marker,,,,,,,,,,,,,
,,front_gear_change,42,marker,,,,,,,,,,,,,
,,rear_gear_change,43,marker,,,,,,,,,,,,,
,,rider_position_change,44,marker,,,,,,,,,,,,,
,,elev_high_alert,45,Group 0.  Start / stop when in alert condition.,,,,,,,,,,,,,
,,elev_low_alert,46,Group 0.  Start / stop when in alert condition.,,,,,,,,,,,,,
,,comm_timeout,47,marker,,,,,,,,,,,,,
,,,,,,,,,,,,,,,,,
event_type,enum,,,,,,,,,,,,,,,,
,,start,0,,,,,,,,,,,,,,
,,stop,1,,,,,,,,,,,,,,
,,consecutive_depreciated,2,,,,,,,,,,,,,,
,,marker,3,,,,,,,,,,,,,,
,,stop_all,4,,,,,,,,,,,,,,
,,begin_depreciated,5,,,,,,,,,,,,,,
,,end_depreciated,6,,,,,,,,,,,,,,
,,end_all_depreciated,7,,,,,,,,,,,,,,
,,stop_disable,8,,,,,,,,,,,,,,
,,stop_disable_all,9,,,,,,,,,,,,,,
,,,,,,,,,,,,,,,,,
timer_trigger,enum,,,timer event data,,,,,,,,,,,,,
,,manual,0,,,,,,,,,,,,,,
,,auto,1,,,,,,,,,,,,,,
,,fitness_equipment,2,,,,,,,,,,,,,,
,,,,,,,,,,,,,,,,,
fitness_equipment_state,enum,,,fitness equipment event data,,,,,,,,,,,,,
,,ready,0,,,,,,,,,,,,,,
,,in_use,1,,,,,,,,,,,,,,
,,paused,2,,,,,,,,,,,,,,
,,unknown,3,lost connection to fitness equipment,,,,,,,,,,,,,
,,,,,,,,,,,,,,,,,
activity_class,enum,,,,,,,,,,,,,,,,
,,level,0x7F,0 to 100,,,,,,,,,,,,,
,,level_max,100,,,,,,,,,,,,,,
,,athlete,0x80,,,,,,,,,,,,,,
,,,,,,,,,,,,,,,,,
hr_zone_calc,enum,,,,,,,,,,,,,,,,
,,custom,0,,,,,,,,,,,,,,
,,percent_max_hr,1,,,,,,,,,,,,,,
,,percent_hrr,2,,,,,,,,,,,,,,
,,,,,,,,,,,,,,,,,
pwr_zone_calc,enum,,,,,,,,,,,,,,,,
,,custom,0,,,,,,,,,,,,,,
,,percent_ftp,1,,,,,,,,,,,,,,
,,,,,,,,,,,,,,,,,
wkt_step_duration,enum,,,,,,,,,,,,,,,,
,,time,0,,,,,,,,,,,,,,
,,distance,1,,,,,,,,,,,,,,
,,hr_less_than,2,,,,,,,,,,,,,,
,,hr_greater_than,3,,,,,,,,,,,,,,
,,calories,4,,,,,,,,,,,,,,
,,open,5,,,,,,,,,,,,,,
,,repeat_until_steps_cmplt,6,,,,,,,,,,,,,,
,,repeat_until_time,7,,,,,,,,,,,,,,
,,repeat_until_distance,8,,,,,,,,,,,,,,
,,repeat_until_calories,9,,,,,,,,,,,,,,
,,repeat_until_hr_less_than,10,,,,,,,,,,,,,,
,,repeat_until_hr_greater_than,11,,,,,,,,,,,,,,
,,repeat_until_power_less_than,12,,,,,,,,,,,,,,
,,repeat_until_power_greater_than,13,,,,,,,,,,,,,,
,,power_less_than,14,,,,,,,,,,,,,,
,,power_greater_than,15,,,,,,,,,,,,,,
,,repetition_time,28,,,,,,,,,,,,,,
,,,,,,,,,,,,,,,,,
wkt_step_target,enum,,,,,,,,,,,,,,,,
,,speed,0,,,,,,,,,,,,,,
,,heart_rate,1,,,,,,,,,,,,,,
,,open,2,,,,,,,,,,,,,,
,,cadence,3,,,,,,,,,,,,,,
,,power,4,,,,,,,,,,,,,,
,,grade,5,,,,,,,,,,,,,,
,,resistance,6,,,,,,,,,,,,,,
,,,,,,,,,,,,,,,,,
goal,enum,,,,,,,,,,,,,,,,
,,time,0,,,,,,,,,,,,,,
,,distance,1,,,,,,,,,,,,,,
,,calories,2,,,,,,,,,,,,,,
,,frequency,3,,,,,,,,,,,,,,
,,steps,4,,,,,,,,,,,,,,
,,,,,,,,,,,,,,,,,
goal_recurrence,enum,,,,,,,,,,,,,,,,
,,off,0,,,,,,,,,,,,,,
,,daily,1,,,,,,,,,,,,,,
,,weekly,2,,,,,,,,,,,,,,
,,monthly,3,,,,,,,,,,,,,,
,,yearly,4,,,,,,,,,,,,,,
,,custom,5,,,,,,,,,,,,,,
,,,,,,,,,,,,,,,,,
schedule,enum,,,,,,,,,,,,,,,,
,,workout,0,,,,,,,,,,,,,,
,,course,1,,,,,,,,,,,,,,
,,,,,,,,,,,,,,,,,
course_point,enum,,,,,,,,,,,,,,,,
,,generic,0,,,,,,,,,,,,,,
,,summit,1,,,,,,,,,,,,,,
,,valley,2,,,,,,,,,,,,,,
,,water,3,,,,,,,,,,,,,,
,,food,4,,,,,,,,,,,,,,
,,danger,5,,,,,,,,,,,,,,
,,left,6,,,,,,,,,,,,,,
,,right,7,,,,,,,,,,,,,,
,,straight,8,,,,,,,,,,,,,,
,,first_aid,9,,,,,,,,,,,,,,
,,fourth_category,10,,,,,,,,,,,,,,
,,third_category,11,,,,,,,,,,,,,,
,,second_category,12,,,,,,,,,,,,,,
,,first_category,13,,,,,,,,,,,,,,
,,hors_category,14,,,,,,,,,,,,,,
,,sprint,15,,,,,,,,,,,,,,
,,left_fork,16,,,,,,,,,,,,,,
,,right_fork,17,,,,,,,,,,,,,,
,,middle_fork,18,,,,,,,,,,,,,,
,,slight_left,19,,,,,,,,,,,,,,
,,sharp_left,20,,,,,,,,,,,,,,
,,slight_right,21,,,,,,,,,,,,,,
,,sharp_right,22,,,,,,,,,,,,,,
,,u_turn,23,,,,,,,,,,,,,,
,,,,,,,,,,,,,,,,,
manufacturer,uint16,,,,,,,,,,,,,,,,
,,garmin,1,,,,,,,,,,,,,,
,,garmin_fr405_antfs,2,Do not use.  Used by FR405 for ANTFS man id.,,,,,,,,,,,,,
,,zephyr,3,,,,,,,,,,,,,,
,,dayton,4,,,,,,,,,,,,,,
,,idt,5,,,,,,,,,,,,,,
,,srm,6,,,,,,,,,,,,,,
,,quarq,7,,,,,,,,,,,,,,
,,ibike,8,,,,,,,,,,,,,,
,,saris,9,,,,,,,,,,,,,,
,,spark_hk,10,,,,,,,,,,,,,,
,,tanita,11,,,,,,,,,,,,,,
,,echowell,12,,,,,,,,,,,,,,
,,dynastream_oem,13,,,,,,,,,,,,,,
,,nautilus,14,,,,,,,,,,,,,,
,,dynastream,15,,,,,,,,,,,,,,
,,timex,16,,,,,,,,,,,,,,
,,metrigear,17,,,,,,,,,,,,,,
,,xelic,18,,,,,,,,,,,,,,
,,beurer,19,,,,,,,,,,,,,,
,,cardiosport,20,,,,,,,,,,,,,,
,,a_and_d,21,,,,,,,,,,,,,,
,,hmm,22,,,,,,,,,,,,,,
,,suunto,23,,,,,,,,,,,,,,
,,thita_elektronik,24,,,,,,,,,,,,,,
,,gpulse,25,,,,,,,,,,,,,,
,,clean_mobile,26,,,,,,,,,,,,,,
,,pedal_brain,27,,,,,,,,,,,,,,
,,peaksware,28,,,,,,,,,,,,,,
,,saxonar,29,,,,,,,,,,,,,,
,,lemond_fitness,30,,,,,,,,,,,,,,
,,dexcom,31,,,,,,,,,,,,,,
,,wahoo_fitness,32,,,,,,,,,,,,,,
,,octane_fitness,33,,,,,,,,,,,,,,
,,archinoetics,34,,,,,,,,,,,,,,
,,the_hurt_box,35,,,,,,,,,,,,,,
,,citizen_systems,36,,,,,,,,,,,,,,
,,magellan,37,,,,,,,,,,,,,,
,,osynce,38,,,,,,,,,,,,,,
,,holux,39,,,,,,,,,,,,,,
,,concept2,40,,,,,,,,,,,,,,
,,one_giant_leap,42,,,,,,,,,,,,,,
,,ace_sensor,43,,,,,,,,,,,,,,
,,brim_brothers,44,,,,,,,,,,,,,,
,,xplova,45,,,,,,,,,,,,,,
,,perception_digital,46,,,,,,,,,,,,,,
,,bf1systems,47,,,,,,,,,,,,,,
,,pioneer,48,,,,,,,,,,,,,,
,,spantec,49,,,,,,,,,,,,,,
,,metalogics,50,,,,,,,,,,,,,,
,,4iiiis,51,,,,,,,,,,,,,,
,,seiko_epson,52,,,,,,,,,,,,,,
,,seiko_epson_oem,53,,,,,,,,,,,,,,
,,ifor_powell,54,,,,,,,,,,,,,,
,,maxwell_guider,55,,,,,,,,,,,,,,
,,star_trac,56,,,,,,,,,,,,,,
,,breakaway,57,,,,,,,,,,,,,,
,,alatech_technology_ltd,58,,,,,,,,,,,,,,
,,mio_technology_europe,59,,,,,,,,,,,,,,
,,rotor,60,,,,,,,,,,,,,,
,,geonaute,61,,,,,,,,,,,,,,
,,id_bike,62,,,,,,,,,,,,,,
,,specialized,63,,,,,,,,,,,,,,
,,wtek,64,,,,,,,,,,,,,,
,,physical_enterprises,65,,,,,,,,,,,,,,
,,north_pole_engineering,66,,,,,,,,,,,,,,
,,bkool,67,,,,,,,,,,,,,,
,,cateye,68,,,,,,,,,,,,,,
,,stages_cycling,69,,,,,,,,,,,,,,
,,sigmasport,70,,,,,,,,,,,,,,
,,tomtom,71,,,,,,,,,,,,,,
,,peripedal,72,,,,,,,,,,,,,,
,,wattbike,73,,,,,,,,,,,,,,
,,moxy,76,,,,,,,,,,,,,,
,,ciclosport,77,,,,,,,,,,,,,,
,,powerbahn,78,,,,,,,,,,,,,,
,,acorn_projects_aps,79,,,,,,,,,,,,,,
,,lifebeam,80,,,,,,,,,,,,,,
,,bontrager,81,,,,,,,,,,,,,,
,,wellgo,82,,,,,,,,,,,,,,
,,scosche,83,,,,,,,,,,,,,,
,,magura,84,,,,,,,,,,,,,,
,,woodway,85,,,,,,,,,,,,,,
,,elite,86,,,,,,,,,,,,,,
,,nielsen_kellerman,87,,,,,,,,,,,,,,
,,dk_city,88,,,,,,,,,,,,,,
,,tacx,89,,,,,,,,,,,,,,
,,direction_technology,90,,,,,,,,,,,,,,
,,magtonic,91,,,,,,,,,,,,,,
,,1partcarbon,92,,,,,,,,,,,,,,
,,inside_ride_technologies,93,,,,,,,,,,,,,,
,,sound_of_motion,94,,,,,,,,,,,,,,
,,stryd,95,,,,,,,,,,,,,,
,,development,255,,,,,,,,,,,,,,
,,healthandlife,257,,,,,,,,,,,,,,
,,lezyne,258,,,,,,,,,,,,,,
,,scribe_labs,259,,,,,,,,,,,,,,
,,zwift,260,,,,,,,,,,,,,,
,,watteam,261,,,,,,,,,,,,,,
,,recon,262,,,,,,,,,,,,,,
,,favero_electronics,263,,,,,,,,,,,,,,
,,dynovelo,264,,,,,,,,,,,,,,
,,strava,265,,,,,,,,,,,,,,
,,actigraphcorp,5759,,,,,,,,,,,,,,
,,,,,,,,,,,,,,,,,
garmin_product,uint16,,,,,,,,,,,,,,,,
,,hrm1,1,,,,,,,,,,,,,,
,,axh01,2,AXH01 HRM chipset,,,,,,,,,,,,,
,,axb01,3,,,,,,,,,,,,,,
,,axb02,4,,,,,,,,,,,,,,
,,hrm2ss,5,,,,,,,,,,,,,,
,,dsi_alf02,6,,,,,,,,,,,,,,
,,hrm3ss,7,,,,,,,,,,,,,,
,,hrm_run_single_byte_product_id,8,hrm_run model for HRM ANT+ messaging,,,,,,,,,,,,,
,,bsm,9,BSM model for ANT+ messaging,,,,,,,,,,,,,
,,bcm,10,BCM model for ANT+ messaging,,,,,,,,,,,,,
,,axs01,11,AXS01 HRM Bike Chipset model for ANT+ messaging,,,,,,,,,,,,,
,,hrm_tri_single_byte_product_id,12,hrm_tri model for HRM ANT+ messaging,,,,,,,,,,,,,
,,fr225_single_byte_product_id,14,fr225 model for HRM ANT+ messaging,,,,,,,,,,,,,
,,fr301_china,473,,,,,,,,,,,,,,
,,fr301_japan,474,,,,,,,,,,,,,,
,,fr301_korea,475,,,,,,,,,,,,,,
,,fr301_taiwan,494,,,,,,,,,,,,,,
,,fr405,717,Forerunner 405,,,,,,,,,,,,,
,,fr50,782,Forerunner 50,,,,,,,,,,,,,
,,fr405_japan,987,,,,,,,,,,,,,,
,,fr60,988,Forerunner 60,,,,,,,,,,,,,
,,dsi_alf01,1011,,,,,,,,,,,,,,
,,fr310xt,1018,Forerunner 310,,,,,,,,,,,,,
,,edge500,1036,,,,,,,,,,,,,,
,,fr110,1124,Forerunner 110,,,,,,,,,,,,,
,,edge800,1169,,,,,,,,,,,,,,
,,edge500_taiwan,1199,,,,,,,,,,,,,,
,,edge500_japan,1213,,,,,,,,,,,,,,
,,chirp,1253,,,,,,,,,,,,,,
,,fr110_japan,1274,,,,,,,,,,,,,,
,,edge200,1325,,,,,,,,,,,,,,
,,fr910xt,1328,,,,,,,,,,,,,,
,,edge800_taiwan,1333,,,,,,,,,,,,,,
,,edge800_japan,1334,,,,,,,,,,,,,,
,,alf04,1341,,,,,,,,,,,,,,
,,fr610,1345,,,,,,,,,,,,,,
,,fr210_japan,1360,,,,,,,,,,,,,,
,,vector_ss,1380,,,,,,,,,,,,,,
,,vector_cp,1381,,,,,,,,,,,,,,
,,edge800_china,1386,,,,,,,,,,,,,,
,,edge500_china,1387,,,,,,,,,,,,,,
,,fr610_japan,1410,,,,,,,,,,,,,,
,,edge500_korea,1422,,,,,,,,,,,,,,
,,fr70,1436,,,,,,,,,,,,,,
,,fr310xt_4t,1446,,,,,,,,,,,,,,
,,amx,1461,,,,,,,,,,,,,,
,,fr10,1482,,,,,,,,,,,,,,
,,edge800_korea,1497,,,,,,,,,,,,,,
,,swim,1499,,,,,,,,,,,,,,
,,fr910xt_china,1537,,,,,,,,,,,,,,
,,fenix,1551,,,,,,,,,,,,,,
,,edge200_taiwan,1555,,,,,,,,,,,,,,
,,edge510,1561,,,,,,,,,,,,,,
,,edge810,1567,,,,,,,,,,,,,,
,,tempe,1570,,,,,,,,,,,,,,
,,fr910xt_japan,1600,,,,,,,,,,,,,,
,,fr620,1623,,,,,,,,,,,,,,
,,fr220,1632,,,,,,,,,,,,,,
,,fr910xt_korea,1664,,,,,,,,,,,,,,
,,fr10_japan,1688,,,,,,,,,,,,,,
,,edge810_japan,1721,,,,,,,,,,,,,,
,,virb_elite,1735,,,,,,,,,,,,,,
,,edge_touring,1736,Also Edge Touring Plus,,,,,,,,,,,,,
,,edge510_japan,1742,,,,,,,,,,,,,,
,,hrm_tri,1743,,,,,,,,,,,,,,
,,hrm_run,1752,,,,,,,,,,,,,,
,,fr920xt,1765,,,,,,,,,,,,,,
,,edge510_asia,1821,,,,,,,,,,,,,,
,,edge810_china,1822,,,,,,,,,,,,,,
,,edge810_taiwan,1823,,,,,,,,,,,,,,
,,edge1000,1836,,,,,,,,,,,,,,
,,vivo_fit,1837,,,,,,,,,,,,,,
,,virb_remote,1853,,,,,,,,,,,,,,
,,vivo_ki,1885,,,,,,,,,,,,,,
,,fr15,1903,,,,,,,,,,,,,,
,,vivo_active,1907,,,,,,,,,,,,,,
,,edge510_korea,1918,,,,,,,,,,,,,,
,,fr620_japan,1928,,,,,,,,,,,,,,
,,fr620_china,1929,,,,,,,,,,,,,,
,,fr220_japan,1930,,,,,,,,,,,,,,
,,fr220_china,1931,,,,,,,,,,,,,,
,,approach_s6,1936,,,,,,,,,,,,,,
,,vivo_smart,1956,,,,,,,,,,,,,,
,,fenix2,1967,,,,,,,,,,,,,,
,,epix,1988,,,,,,,,,,,,,,
,,fenix3,2050,,,,,,,,,,,,,,
,,edge1000_taiwan,2052,,,,,,,,,,,,,,
,,edge1000_japan,2053,,,,,,,,,,,,,,
,,fr15_japan,2061,,,,,,,,,,,,,,
,,edge520,2067,,,,,,,,,,,,,,
,,edge1000_china,2070,,,,,,,,,,,,,,
,,fr620_russia,2072,,,,,,,,,,,,,,
,,fr220_russia,2073,,,,,,,,,,,,,,
,,vector_s,2079,,,,,,,,,,,,,,
,,edge1000_korea,2100,,,,,,,,,,,,,,
,,fr920xt_taiwan,2130,,,,,,,,,,,,,,
,,fr920xt_china,2131,,,,,,,,,,,,,,
,,fr920xt_japan,2132,,,,,,,,,,,,,,
,,virbx,2134,,,,,,,,,,,,,,
,,vivo_smart_apac,2135,,,,,,,,,,,,,,
,,etrex_touch,2140,,,,,,,,,,,,,,
,,edge25,2147,,,,,,,,,,,,,,
,,vivo_fit2,2150,,,,,,,,,,,,,,
,,fr225,2153,,,,,,,,,,,,,,
,,vivo_active_apac,2160,,,,,,,,,,,,,,
,,vector_2,2161,,,,,,,,,,,,,,
,,vector_2s,2162,,,,,,,,,,,,,,
,,virbxe,2172,,,,,,,,,,,,,,
,,fr620_taiwan,2173,,,,,,,,,,,,,,
,,fr220_taiwan,2174,,,,,,,,,,,,,,
,,fenix3_china,2188,,,,,,,,,,,,,,
,,fenix3_twn,2189,,,,,,,,,,,,,,
,,varia_headlight,2192,,,,,,,,,,,,,,
,,varia_taillight,2193,,,,,,,,,,,,,,
,,fr225_asia,2219,,,,,,,,,,,,,,
,,varia_radar_taillight,2225,,,,,,,,,,,,,,
,,varia_radar_display,2226,,,,,,,,,,,,,,
,,edge20,2238,,,,,,,,,,,,,,
,,d2_bravo,2262,,,,,,,,,,,,,,
,,varia_remote,2276,,,,,,,,,,,,,,
,,sdm4,10007,SDM4 footpod,,,,,,,,,,,,,
,,edge_remote,10014,,,,,,,,,,,,,,
,,training_center,20119,,,,,,,,,,,,,,
,,android_antplus_plugin,65532,,,,,,,,,,,,,,
,,connect,65534,Garmin Connect website,,,,,,,,,,,,,
,,,,,,,,,,,,,,,,,
antplus_device_type,uint8,,,,,,,,,,,,,,,,
,,antfs,1,,,,,,,,,,,,,,
,,bike_power,11,,,,,,,,,,,,,,
,,environment_sensor_legacy,12,,,,,,,,,,,,,,
,,multi_sport_speed_distance,15,,,,,,,,,,,,,,
,,control,16,,,,,,,,,,,,,,
,,fitness_equipment,17,,,,,,,,,,,,,,
,,blood_pressure,18,,,,,,,,,,,,,,
,,geocache_node,19,,,,,,,,,,,,,,
,,light_electric_vehicle,20,,,,,,,,,,,,,,
,,env_sensor,25,,,,,,,,,,,,,,
,,racquet,26,,,,,,,,,,,,,,
,,weight_scale,119,,,,,,,,,,,,,,
,,heart_rate,120,,,,,,,,,,,,,,
,,bike_speed_cadence,121,,,,,,,,,,,,,,
,,bike_cadence,122,,,,,,,,,,,,,,
,,bike_speed,123,,,,,,,,,,,,,,
,,stride_speed_distance,124,,,,,,,,,,,,,,
,,,,,,,,,,,,,,,,,
ant_network,enum,,,,,,,,,,,,,,,,
,,public,0,,,,,,,,,,,,,,
,,antplus,1,,,,,,,,,,,,,,
,,antfs,2,,,,,,,,,,,,,,
,,private,3,,,,,,,,,,,,,,
,,,,,,,,,,,,,,,,,
workout_capabilities,uint32z,,,,,,,,,,,,,,,,
,,interval,0x00000001,,,,,,,,,,,,,,
,,custom,0x00000002,,,,,,,,,,,,,,
,,fitness_equipment,0x00000004,,,,,,,,,,,,,,
,,firstbeat,0x00000008,,,,,,,,,,,,,,
,,new_leaf,0x00000010,,,,,,,,,,,,,,
,,tcx,0x00000020,For backwards compatibility.  Watch should add missing id fields then clear flag.,,,,,,,,,,,,,
,,speed,0x00000080,Speed source required for workout step.,,,,,,,,,,,,,
,,heart_rate,0x00000100,Heart rate source required for workout step.,,,,,,,,,,,,,
,,distance,0x00000200,Distance source required for workout step.,,,,,,,,,,,,,
,,cadence,0x00000400,Cadence source required for workout step.,,,,,,,,,,,,,
,,power,0x00000800,Power source required for workout step.,,,,,,,,,,,,,
,,grade,0x00001000,Grade source required for workout step.,,,,,,,,,,,,,
,,resistance,0x00002000,Resistance source required for workout step.,,,,,,,,,,,,,
,,protected,0x00004000,,,,,,,,,,,,,,
,,,,,,,,,,,,,,,,,
battery_status,uint8,,,,,,,,,,,,,,,,
,,new,1,,,,,,,,,,,,,,
,,good,2,,,,,,,,,,,,,,
,,ok,3,,,,,,,,,,,,,,
,,low,4,,,,,,,,,,,,,,
,,critical,5,,,,,,,,,,,,,,
,,unknown,7,,,,,,,,,,,,,,
,,,,,,,,,,,,,,,,,
hr_type,enum,,,,,,,,,,,,,,,,
,,normal,0,,,,,,,,,,,,,,
,,irregular,1,,,,,,,,,,,,,,
,,,,,,,,,,,,,,,,,
course_capabilities,uint32z,,,,,,,,,,,,,,,,
,,processed,0x00000001,,,,,,,,,,,,,,
,,valid,0x00000002,,,,,,,,,,,,,,
,,time,0x00000004,,,,,,,,,,,,,,
,,distance,0x00000008,,,,,,,,,,,,,,
,,position,0x00000010,,,,,,,,,,,,,,
,,heart_rate,0x00000020,,,,,,,,,,,,,,
,,power,0x00000040,,,,,,,,,,,,,,
,,cadence,0x00000080,,,,,,,,,,,,,,
,,training,0x00000100,,,,,,,,,,,,,,
,,navigation,0x00000200,,,,,,,,,,,,,,
,,bikeway,0x00000400,,,,,,,,,,,,,,
,,,,,,,,,,,,,,,,,
weight,uint16,,,,,,,,,,,,,,,,
,,calculating,0xFFFE,,,,,,,,,,,,,,
,,,,,,,,,,,,,,,,,
workout_hr,uint32,,,0 - 100 indicates% of maz hr, >100 indicates bpm (255 max) plus 100,,,,,,,,,,,,
,,bpm_offset,100,,,,,,,,,,,,,,
,,,,,,,,,,,,,,,,,
workout_power,uint32,,,0 - 1000 indicates % of functional threshold power, >1000 indicates watts plus 1000.,,,,,,,,,,,,
,,watts_offset,1000,,,,,,,,,,,,,,
,,,,,,,,,,,,,,,,,
bp_status,enum,,,,,,,,,,,,,,,,
,,no_error,0,,,,,,,,,,,,,,
,,error_incomplete_data,1,,,,,,,,,,,,,,
,,error_no_measurement,2,,,,,,,,,,,,,,
,,error_data_out_of_range,3,,,,,,,,,,,,,,
,,error_irregular_heart_rate,4,,,,,,,,,,,,,,
,,,,,,,,,,,,,,,,,
user_local_id,uint16,,,,,,,,,,,,,,,,
,,local_min,0x0000,,,,,,,,,,,,,,
,,local_max,0x000F,,,,,,,,,,,,,,
,,stationary_min,0x0010,,,,,,,,,,,,,,
,,stationary_max,0x00FF,,,,,,,,,,,,,,
,,portable_min,0x0100,,,,,,,,,,,,,,
,,portable_max,0xFFFE,,,,,,,,,,,,,,
,,,,,,,,,,,,,,,,,
swim_stroke,enum,,,,,,,,,,,,,,,,
,,freestyle,0,,,,,,,,,,,,,,
,,backstroke,1,,,,,,,,,,,,,,
,,breaststroke,2,,,,,,,,,,,,,,
,,butterfly,3,,,,,,,,,,,,,,
,,drill,4,,,,,,,,,,,,,,
,,mixed,5,,,,,,,,,,,,,,
,,im,6,"IM is a mixed interval containing the same number of lengths for each of: Butterfly, Backstroke, Breaststroke, Freestyle, swam in that order.",,,,,,,,,,,,,
,,,,,,,,,,,,,,,,,
activity_type,enum,,,,,,,,,,,,,,,,
,,generic,0,,,,,,,,,,,,,,
,,running,1,,,,,,,,,,,,,,
,,cycling,2,,,,,,,,,,,,,,
,,transition,3,Mulitsport transition,,,,,,,,,,,,,
,,fitness_equipment,4,,,,,,,,,,,,,,
,,swimming,5,,,,,,,,,,,,,,
,,walking,6,,,,,,,,,,,,,,
,,all,254,All is for goals only to include all sports.,,,,,,,,,,,,,
,,,,,,,,,,,,,,,,,
activity_subtype,enum,,,,,,,,,,,,,,,,
,,generic,0,,,,,,,,,,,,,,
,,treadmill,1,Run,,,,,,,,,,,,,
,,street,2,Run,,,,,,,,,,,,,
,,trail,3,Run,,,,,,,,,,,,,
,,track,4,Run,,,,,,,,,,,,,
,,spin,5,Cycling,,,,,,,,,,,,,
,,indoor_cycling,6,Cycling,,,,,,,,,,,,,
,,road,7,Cycling,,,,,,,,,,,,,
,,mountain,8,Cycling,,,,,,,,,,,,,
,,downhill,9,Cycling,,,,,,,,,,,,,
,,recumbent,10,Cycling,,,,,,,,,,,,,
,,cyclocross,11,Cycling,,,,,,,,,,,,,
,,hand_cycling,12,Cycling,,,,,,,,,,,,,
,,track_cycling,13,Cycling,,,,,,,,,,,,,
,,indoor_rowing,14,Fitness Equipment,,,,,,,,,,,,,
,,elliptical,15,Fitness Equipment,,,,,,,,,,,,,
,,stair_climbing,16,Fitness Equipment,,,,,,,,,,,,,
,,lap_swimming,17,Swimming,,,,,,,,,,,,,
,,open_water,18,Swimming,,,,,,,,,,,,,
,,all,254,,,,,,,,,,,,,,
,,,,,,,,,,,,,,,,,
activity_level,enum,,,,,,,,,,,,,,,,
,,low,0,,,,,,,,,,,,,,
,,medium,1,,,,,,,,,,,,,,
,,high,2,,,,,,,,,,,,,,
,,,,,,,,,,,,,,,,,
left_right_balance,uint8,,,,,,,,,,,,,,,,
,,mask,0x7F,% contribution,,,,,,,,,,,,,
,,right,0x80,"data corresponds to right if set, otherwise unknown",,,,,,,,,,,,,
,,,,,,,,,,,,,,,,,
left_right_balance_100,uint16,,,,,,,,,,,,,,,,
,,mask,0x3FFF,% contribution scaled by 100,,,,,,,,,,,,,
,,right,0x8000,"data corresponds to right if set, otherwise unknown",,,,,,,,,,,,,
,,,,,,,,,,,,,,,,,
length_type,enum,,,,,,,,,,,,,,,,
,,idle,0,Rest period. Length with no strokes,,,,,,,,,,,,,
,,active,1,Length with strokes.,,,,,,,,,,,,,
,,,,,,,,,,,,,,,,,
connectivity_capabilities,uint32z,,,,,,,,,,,,,,,,
,,bluetooth,0x00000001,,,,,,,,,,,,,,
,,bluetooth_le,0x00000002,,,,,,,,,,,,,,
,,ant,0x00000004,,,,,,,,,,,,,,
,,activity_upload,0x00000008,,,,,,,,,,,,,,
,,course_download,0x00000010,,,,,,,,,,,,,,
,,workout_download,0x00000020,,,,,,,,,,,,,,
,,live_track,0x00000040,,,,,,,,,,,,,,
,,weather_conditions,0x00000080,,,,,,,,,,,,,,
,,weather_alerts,0x00000100,,,,,,,,,,,,,,
,,gps_ephemeris_download,0x00000200,,,,,,,,,,,,,,
,,explicit_archive,0x00000400,,,,,,,,,,,,,,
,,setup_incomplete,0x00000800,,,,,,,,,,,,,,
,,continue_sync_after_software_update,0x00001000,,,,,,,,,,,,,,
,,connect_iq_app_download,0x00002000,,,,,,,,,,,,,,
,,,,,,,,,,,,,,,,,
stroke_type,enum,,,,,,,,,,,,,,,,
,,no_event,0,,,,,,,,,,,,,,
,,other,1,stroke was detected but cannot be identified,,,,,,,,,,,,,
,,serve,2,,,,,,,,,,,,,,
,,forehand,3,,,,,,,,,,,,,,
,,backhand,4,,,,,,,,,,,,,,
,,smash,5,,,,,,,,,,,,,,
,,,,,,,,,,,,,,,,,
body_location,enum,,,,,,,,,,,,,,,,
,,left_leg,0,,,,,,,,,,,,,,
,,left_calf,1,,,,,,,,,,,,,,
,,left_shin,2,,,,,,,,,,,,,,
,,left_hamstring,3,,,,,,,,,,,,,,
,,left_quad,4,,,,,,,,,,,,,,
,,left_glute,5,,,,,,,,,,,,,,
,,right_leg,6,,,,,,,,,,,,,,
,,right_calf,7,,,,,,,,,,,,,,
,,right_shin,8,,,,,,,,,,,,,,
,,right_hamstring,9,,,,,,,,,,,,,,
,,right_quad,10,,,,,,,,,,,,,,
,,right_glute,11,,,,,,,,,,,,,,
,,torso_back,12,,,,,,,,,,,,,,
,,left_lower_back,13,,,,,,,,,,,,,,
,,left_upper_back,14,,,,,,,,,,,,,,
,,right_lower_back,15,,,,,,,,,,,,,,
,,right_upper_back,16,,,,,,,,,,,,,,
,,torso_front,17,,,,,,,,,,,,,,
,,left_abdomen,18,,,,,,,,,,,,,,
,,left_chest,19,,,,,,,,,,,,,,
,,right_abdomen,20,,,,,,,,,,,,,,
,,right_chest,21,,,,,,,,,,,,,,
,,left_arm,22,,,,,,,,,,,,,,
,,left_shoulder,23,,,,,,,,,,,,,,
,,left_bicep,24,,,,,,,,,,,,,,
,,left_tricep,25,,,,,,,,,,,,,,
,,left_brachioradialis,26,Left anterior forearm,,,,,,,,,,,,,
,,left_forearm_extensors,27,Left posterior forearm,,,,,,,,,,,,,
,,right_arm,28,,,,,,,,,,,,,,
,,right_shoulder,29,,,,,,,,,,,,,,
,,right_bicep,30,,,,,,,,,,,,,,
,,right_tricep,31,,,,,,,,,,,,,,
,,right_brachioradialis,32,Right anterior forearm,,,,,,,,,,,,,
,,right_forearm_extensors,33,Right posterior forearm,,,,,,,,,,,,,
,,neck,34,,,,,,,,,,,,,,
,,throat,35,,,,,,,,,,,,,,
,,,,,,,,,,,,,,,,,
segment_lap_status,enum,,,,,,,,,,,,,,,,
,,end,0,,,,,,,,,,,,,,
,,fail,1,,,,,,,,,,,,,,
,,,,,,,,,,,,,,,,,
segment_leaderboard_type,enum,,,,,,,,,,,,,,,,
,,overall,0,,,,,,,,,,,,,,
,,personal_best,1,,,,,,,,,,,,,,
,,connections,2,,,,,,,,,,,,,,
,,group,3,,,,,,,,,,,,,,
,,challenger,4,,,,,,,,,,,,,,
,,kom,5,,,,,,,,,,,,,,
,,qom,6,,,,,,,,,,,,,,
,,pr,7,,,,,,,,,,,,,,
,,goal,8,,,,,,,,,,,,,,
,,rival,9,,,,,,,,,,,,,,
,,club_leader,10,,,,,,,,,,,,,,
,,,,,,,,,,,,,,,,,
segment_delete_status,enum,,,,,,,,,,,,,,,,
,,do_not_delete,0,,,,,,,,,,,,,,
,,delete_one,1,,,,,,,,,,,,,,
,,delete_all,2,,,,,,,,,,,,,,
,,,,,,,,,,,,,,,,,
segment_selection_type,enum,,,,,,,,,,,,,,,,
,,starred,0,,,,,,,,,,,,,,
,,suggested,1,,,,,,,,,,,,,,
,,,,,,,,,,,,,,,,,
source_type,enum,,,,,,,,,,,,,,,,
,,ant,0,External device connected with ANT,,,,,,,,,,,,,
,,antplus,1,External device connected with ANT+,,,,,,,,,,,,,
,,bluetooth,2,External device connected with BT,,,,,,,,,,,,,
,,bluetooth_low_energy,3,External device connected with BLE,,,,,,,,,,,,,
,,wifi,4,External device connected with Wifi,,,,,,,,,,,,,
,,local,5,Onboard device,,,,,,,,,,,,,
,,,,,,,,,,,,,,,,,
rider_position_type,enum,,,,,,,,,,,,,,,,
,,seated,0,,,,,,,,,,,,,,
,,standing,1,,,,,,,,,,,,,,
,,,,,,,,,,,,,,,,,
power_phase_type,enum,,,,,,,,,,,,,,,,
,,power_phase_start_angle,0,,,,,,,,,,,,,,
,,power_phase_end_angle,1,,,,,,,,,,,,,,
,,power_phase_arc_length,2,,,,,,,,,,,,,,
,,power_phase_center,3,,,,,,,,,,,,,,
,,,,,,,,,,,,,,,,,
comm_timeout_type,uint16,,,,,,,,,,,,,,,,
,,wildcard_pairing_timeout,0,Timeout pairing to any device,,,,,,,,,,,,,
,,pairing_timeout,1,Timeout pairing to previously paired device,,,,,,,,,,,,,
,,connection_lost,2,Temporary loss of communications,,,,,,,,,,,,,
,,connection_timeout,3,Connection closed due to extended bad communications,,,,,,,,,,,,,
Message Name,Field Def #,Field Name,Field Type,Array,Components,Scale,Offset,Units,Bits,Accumulate,Ref Field Name,Ref Field Value,Comment,Products:,EXAMPLE,,
,,,COMMON MESSAGES,,,,,,,,,,,,,,
file_id,,,,,,,,,,,,,Must be first message in file.,,,,
,0,type,file,,,,,,,,,,,,1,,
,1,manufacturer,manufacturer,,,,,,,,,,,,1,,
,2,product,uint16,,,,,,,,,,,,1,,
,,garmin_product,garmin_product,,,,,,,,"manufacturer,
manufacturer,
manufacturer","garmin,
dynastream,
dynastream_oem",,,1,,
,3,serial_number,uint32z,,,,,,,,,,,,1,,
,4,time_created,date_time,,,,,,,,,,Only set for files that are can be created/erased.,,1,,
,5,number,uint16,,,,,,,,,,Only set for files that are not created/erased.,,1,,
,,,,,,,,,,,,,,,,,
file_creator,,,,,,,,,,,,,,,,,
,0,software_version,uint16,,,,,,,,,,,,1,,
,1,hardware_version,uint8,,,,,,,,,,,,1,,
,,,,,,,,,,,,,,,,,
,,,DEVICE FILE MESSAGES,,,,,,,,,,,,,,
software,,,,,,,,,,,,,,,,,
,254,message_index,message_index,,,,,,,,,,,,1,,
,3,version,uint16,,,100,,,,,,,,,1,,
,5,part_number,string,,,,,,,,,,,,16,,
,,,,,,,,,,,,,,,,,
slave_device,,,,,,,,,,,,,,,,,
,0,manufacturer,manufacturer,,,,,,,,,,,,1,,
,1,product,uint16,,,,,,,,,,,,1,,
,,garmin_product,garmin_product,,,,,,,,"manufacturer,
manufacturer,
manufacturer","garmin,
dynastream,
dynastream_oem",,,1,,
,,,,,,,,,,,,,,,,,
capabilities,,,,,,,,,,,,,,,,,
,0,languages,uint8z,[N],,,,,,,,,Use language_bits_x types where x is index of array.,,4,,
,1,sports,sport_bits_0,[N],,,,,,,,,Use sport_bits_x types where x is index of array.,,1,,
,21,workouts_supported,workout_capabilities,,,,,,,,,,,,1,,
,23,connectivity_supported,connectivity_capabilities,,,,,,,,,,,,1,,
,,,,,,,,,,,,,,,,,
file_capabilities,,,,,,,,,,,,,,,,,
,254,message_index,message_index,,,,,,,,,,,,1,,
,0,type,file,,,,,,,,,,,,1,,
,1,flags,file_flags,,,,,,,,,,,,1,,
,2,directory,string,,,,,,,,,,,,16,,
,3,max_count,uint16,,,,,,,,,,,,1,,
,4,max_size,uint32,,,,,bytes,,,,,,,1,,
,,,,,,,,,,,,,,,,,
mesg_capabilities,,,,,,,,,,,,,,,,,
,254,message_index,message_index,,,,,,,,,,,,1,,
,0,file,file,,,,,,,,,,,,1,,
,1,mesg_num,mesg_num,,,,,,,,,,,,1,,
,2,count_type,mesg_count,,,,,,,,,,,,1,,
,3,count,uint16,,,,,,,,,,,,1,,
,,num_per_file,uint16,,,,,,,,count_type,num_per_file,,,1,,
,,max_per_file,uint16,,,,,,,,count_type,max_per_file,,,1,,
,,max_per_file_type,uint16,,,,,,,,count_type,max_per_file_type,,,1,,
,,,,,,,,,,,,,,,,,
field_capabilities,,,,,,,,,,,,,,,,,
,254,message_index,message_index,,,,,,,,,,,,1,,
,0,file,file,,,,,,,,,,,,1,,
,1,mesg_num,mesg_num,,,,,,,,,,,,1,,
,2,field_num,uint8,,,,,,,,,,,,1,,
,3,count,uint16,,,,,,,,,,,,1,,
,,,,,,,,,,,,,,,,,
,,,SETTINGS FILE MESSAGES,,,,,,,,,,,,,,
device_settings,,,,,,,,,,,,,,,,,
,0,active_time_zone,uint8,,,,,,,,,,Index into time zone arrays.,,1,,
,1,utc_offset,uint32,,,,,,,,,,Offset from system time. Required to convert timestamp from system time to UTC.,,1,,
,5,time_zone_offset,sint8,[N],,4,,hr,,,,,timezone offset in 1/4 hour increments,,2,,
,,,,,,,,,,,,,,,,,
user_profile,,,,,,,,,,,,,,,,,
,254,message_index,message_index,,,,,,,,,,,,1,,
,0,friendly_name,string,,,,,,,,,,,,16,,
,1,gender,gender,,,,,,,,,,,,1,,
,2,age,uint8,,,,,years,,,,,,,1,,
,3,height,uint8,,,100,,m,,,,,,,1,,
,4,weight,uint16,,,10,,kg,,,,,,,1,,
,5,language,language,,,,,,,,,,,,1,,
,6,elev_setting,display_measure,,,,,,,,,,,,1,,
,7,weight_setting,display_measure,,,,,,,,,,,,1,,
,8,resting_heart_rate,uint8,,,,,bpm,,,,,,,1,,
,9,default_max_running_heart_rate,uint8,,,,,bpm,,,,,,,1,,
,10,default_max_biking_heart_rate,uint8,,,,,bpm,,,,,,,1,,
,11,default_max_heart_rate,uint8,,,,,bpm,,,,,,,1,,
,12,hr_setting,display_heart,,,,,,,,,,,,1,,
,13,speed_setting,display_measure,,,,,,,,,,,,1,,
,14,dist_setting,display_measure,,,,,,,,,,,,1,,
,16,power_setting,display_power,,,,,,,,,,,,1,,
,17,activity_class,activity_class,,,,,,,,,,,,1,,
,18,position_setting,display_position,,,,,,,,,,,,1,,
,21,temperature_setting,display_measure,,,,,,,,,,,,1,,
,22,local_id,user_local_id,,,,,,,,,,,,1,,
,23,global_id,byte,[6],,,,,,,,,,,1,,
,30,height_setting,display_measure,,,,,,,,,,,,1,,
,,,,,,,,,,,,,,,,,
hrm_profile,,,,,,,,,,,,,,,,,
,254,message_index,message_index,,,,,,,,,,,,1,,
,0,enabled,bool,,,,,,,,,,,,1,,
,1,hrm_ant_id,uint16z,,,,,,,,,,,,1,,
,2,log_hrv,bool,,,,,,,,,,,,1,,
,3,hrm_ant_id_trans_type,uint8z,,,,,,,,,,,,1,,
,,,,,,,,,,,,,,,,,
sdm_profile,,,,,,,,,,,,,,,,,
,254,message_index,message_index,,,,,,,,,,,,1,,
,0,enabled,bool,,,,,,,,,,,,1,,
,1,sdm_ant_id,uint16z,,,,,,,,,,,,1,,
,2,sdm_cal_factor,uint16,,,10,,%,,,,,,,1,,
,3,odometer,uint32,,,100,,m,,,,,,,1,,
,4,speed_source,bool,,,,,,,,,,Use footpod for speed source instead of GPS,,1,,
,5,sdm_ant_id_trans_type,uint8z,,,,,,,,,,,,1,,
,7,odometer_rollover,uint8,,,,,,,,,,Rollover counter that can be used to extend the odometer,,1,,
,,,,,,,,,,,,,,,,,
bike_profile,,,,,,,,,,,,,,,,,
,254,message_index,message_index,,,,,,,,,,,,1,,
,0,name,string,,,,,,,,,,,,16,,
,1,sport,sport,,,,,,,,,,,,1,,
,2,sub_sport,sub_sport,,,,,,,,,,,,1,,
,3,odometer,uint32,,,100,,m,,,,,,,1,,
,4,bike_spd_ant_id,uint16z,,,,,,,,,,,,1,,
,5,bike_cad_ant_id,uint16z,,,,,,,,,,,,1,,
,6,bike_spdcad_ant_id,uint16z,,,,,,,,,,,,1,,
,7,bike_power_ant_id,uint16z,,,,,,,,,,,,1,,
,8,custom_wheelsize,uint16,,,1000,,m,,,,,,,1,,
,9,auto_wheelsize,uint16,,,1000,,m,,,,,,,1,,
,10,bike_weight,uint16,,,10,,kg,,,,,,,1,,
,11,power_cal_factor,uint16,,,10,,%,,,,,,,1,,
,12,auto_wheel_cal,bool,,,,,,,,,,,,1,,
,13,auto_power_zero,bool,,,,,,,,,,,,1,,
,14,id,uint8,,,,,,,,,,,,1,,
,15,spd_enabled,bool,,,,,,,,,,,,1,,
,16,cad_enabled,bool,,,,,,,,,,,,1,,
,17,spdcad_enabled,bool,,,,,,,,,,,,1,,
,18,power_enabled,bool,,,,,,,,,,,,1,,
,19,crank_length,uint8,,,2,-110,mm,,,,,,,1,,
,20,enabled,bool,,,,,,,,,,,,1,,
,21,bike_spd_ant_id_trans_type,uint8z,,,,,,,,,,,,1,,
,22,bike_cad_ant_id_trans_type,uint8z,,,,,,,,,,,,1,,
,23,bike_spdcad_ant_id_trans_type,uint8z,,,,,,,,,,,,1,,
,24,bike_power_ant_id_trans_type,uint8z,,,,,,,,,,,,1,,
,37,odometer_rollover,uint8,,,,,,,,,,Rollover counter that can be used to extend the odometer,,1,,
,38,front_gear_num,uint8z,,,,,,,,,,Number of front gears,,1,,
,39,front_gear,uint8z,[N],,,,,,,,,Number of teeth on each gear 0 is innermost,,1,,
,40,rear_gear_num,uint8z,,,,,,,,,,Number of rear gears,,1,,
,41,rear_gear,uint8z,[N],,,,,,,,,Number of teeth on each gear 0 is innermost,,1,,
,44,shimano_di2_enabled,bool,,,,,,,,,,,,1,,
,,,,,,,,,,,,,,,,,
,,,SPORT SETTINGS FILE MESSAGES,,,,,,,,,,,,,,
zones_target,,,,,,,,,,,,,,,,,
,1,max_heart_rate,uint8,,,,,,,,,,,,1,,
,2,threshold_heart_rate,uint8,,,,,,,,,,,,1,,
,3,functional_threshold_power,uint16,,,,,,,,,,,,1,,
,5,hr_calc_type,hr_zone_calc,,,,,,,,,,,,1,,
,7,pwr_calc_type,pwr_zone_calc,,,,,,,,,,,,1,,
,,,,,,,,,,,,,,,,,
sport,,,,,,,,,,,,,,,,,
,0,sport,sport,,,,,,,,,,,,1,,
,1,sub_sport,sub_sport,,,,,,,,,,,,1,,
,3,name,string,,,,,,,,,,,,16,,
,,,,,,,,,,,,,,,,,
hr_zone,,,,,,,,,,,,,,,,,
,254,message_index,message_index,,,,,,,,,,,,1,,
,1,high_bpm,uint8,,,,,bpm,,,,,,,1,,
,2,name,string,,,,,,,,,,,,16,,
,,,,,,,,,,,,,,,,,
speed_zone,,,,,,,,,,,,,,,,,
,254,message_index,message_index,,,,,,,,,,,,1,,
,0,high_value,uint16,,,1000,,m/s,,,,,,,1,,
,1,name,string,,,,,,,,,,,,16,,
,,,,,,,,,,,,,,,,,
cadence_zone,,,,,,,,,,,,,,,,,
,254,message_index,message_index,,,,,,,,,,,,1,,
,0,high_value,uint8,,,,,rpm,,,,,,,1,,
,1,name,string,,,,,,,,,,,,16,,
,,,,,,,,,,,,,,,,,
power_zone,,,,,,,,,,,,,,,,,
,254,message_index,message_index,,,,,,,,,,,,1,,
,1,high_value,uint16,,,,,watts,,,,,,,1,,
,2,name,string,,,,,,,,,,,,16,,
,,,,,,,,,,,,,,,,,
met_zone,,,,,,,,,,,,,,,,,
,254,message_index,message_index,,,,,,,,,,,,1,,
,1,high_bpm,uint8,,,,,,,,,,,,1,,
,2,calories,uint16,,,10,,kcal / min,,,,,,,1,,
,3,fat_calories,uint8,,,10,,kcal / min,,,,,,,1,,
,,,,,,,,,,,,,,,,,
,,,GOALS FILE MESSAGES,,,,,,,,,,,,,,
goal,,,,,,,,,,,,,,,,,
,254,message_index,message_index,,,,,,,,,,,,1,,
,0,sport,sport,,,,,,,,,,,,1,,
,1,sub_sport,sub_sport,,,,,,,,,,,,1,,
,2,start_date,date_time,,,,,,,,,,,,1,,
,3,end_date,date_time,,,,,,,,,,,,1,,
,4,type,goal,,,,,,,,,,,,1,,
,5,value,uint32,,,,,,,,,,,,1,,
,6,repeat,bool,,,,,,,,,,,,1,,
,7,target_value,uint32,,,,,,,,,,,,1,,
,8,recurrence,goal_recurrence,,,,,,,,,,,,1,,
,9,recurrence_value,uint16,,,,,,,,,,,,1,,
,10,enabled,bool,,,,,,,,,,,,1,,
,,,,,,,,,,,,,,,,,
,,,ACTIVITY FILE MESSAGES,,,,,,,,,,,,,,
activity,,,,,,,,,,,,,,,,,
,253,timestamp,date_time,,,,,,,,,,,,1,,
,0,total_timer_time,uint32,,,1000,,s,,,,,Exclude pauses,,1,,
,1,num_sessions,uint16,,,,,,,,,,,,1,,
,2,type,activity,,,,,,,,,,,,1,,
,3,event,event,,,,,,,,,,,,1,,
,4,event_type,event_type,,,,,,,,,,,,1,,
,5,local_timestamp,local_date_time,,,,,,,,,,"timestamp epoch expressed in local time, used to convert activity timestamps to local time ",,1,,
,6,event_group,uint8,,,,,,,,,,,,1,,
,,,,,,,,,,,,,,,,,
session,,,,,,,,,,,,,,,,,
,254,message_index,message_index,,,,,,,,,,Selected bit is set for the current session.,,1,,
,253,timestamp,date_time,,,,,s,,,,,Sesson end time.,,1,,
,0,event,event,,,,,,,,,,session,,1,,
,1,event_type,event_type,,,,,,,,,,stop,,1,,
,2,start_time,date_time,,,,,,,,,,,,1,,
,3,start_position_lat,sint32,,,,,semicircles,,,,,,,1,,
,4,start_position_long,sint32,,,,,semicircles,,,,,,,1,,
,5,sport,sport,,,,,,,,,,,,1,,
,6,sub_sport,sub_sport,,,,,,,,,,,,1,,
,7,total_elapsed_time,uint32,,,1000,,s,,,,,Time (includes pauses),,1,,
,8,total_timer_time,uint32,,,1000,,s,,,,,Timer Time (excludes pauses),,1,,
,9,total_distance,uint32,,,100,,m,,,,,,,1,,
,10,total_cycles,uint32,,,,,cycles,,,,,,,1,,
,,total_strides,uint32,,,,,strides,,,"sport,
sport","running,
walking",,,1,,
,11,total_calories,uint16,,,,,kcal,,,,,,,1,,
,13,total_fat_calories,uint16,,,,,kcal,,,,,,,1,,
,14,avg_speed,uint16,,enhanced_avg_speed,1000,,m/s,16,,,,total_distance / total_timer_time,,1,,
,15,max_speed,uint16,,enhanced_max_speed,1000,,m/s,16,,,,,,1,,
,16,avg_heart_rate,uint8,,,,,bpm,,,,,average heart rate (excludes pause time),,1,,
,17,max_heart_rate,uint8,,,,,bpm,,,,,,,1,,
,18,avg_cadence,uint8,,,,,rpm,,,,,total_cycles / total_timer_time if non_zero_avg_cadence otherwise total_cycles / total_elapsed_time,,1,,
,,avg_running_cadence,uint8,,,,,strides/min,,,sport,running,,,1,,
,19,max_cadence,uint8,,,,,rpm,,,,,,,1,,
,,max_running_cadence,uint8,,,,,strides/min,,,sport,running,,,1,,
,20,avg_power,uint16,,,,,watts,,,,,total_power / total_timer_time if non_zero_avg_power otherwise total_power / total_elapsed_time,,1,,
,21,max_power,uint16,,,,,watts,,,,,,,1,,
,22,total_ascent,uint16,,,,,m,,,,,,,1,,
,23,total_descent,uint16,,,,,m,,,,,,,1,,
,24,total_training_effect,uint8,,,10,,,,,,,,,1,,
,25,first_lap_index,uint16,,,,,,,,,,,,1,,
,26,num_laps,uint16,,,,,,,,,,,,1,,
,27,event_group,uint8,,,,,,,,,,,,1,,
,28,trigger,session_trigger,,,,,,,,,,,,1,,
,29,nec_lat,sint32,,,,,semicircles,,,,,,,1,,
,30,nec_long,sint32,,,,,semicircles,,,,,,,1,,
,31,swc_lat,sint32,,,,,semicircles,,,,,,,1,,
,32,swc_long,sint32,,,,,semicircles,,,,,,,1,,
,34,normalized_power,uint16,,,,,watts,,,,,,,1,,
,35,training_stress_score,uint16,,,10,,tss,,,,,,,1,,
,36,intensity_factor,uint16,,,1000,,if,,,,,,,1,,
,37,left_right_balance,left_right_balance_100,,,,,,,,,,,,1,,
,41,avg_stroke_count,uint32,,,10,,strokes/lap,,,,,,,1,,
,42,avg_stroke_distance,uint16,,,100,,m,,,,,,,1,,
,43,swim_stroke,swim_stroke,,,,,swim_stroke,,,sport,swimming,,,1,,
,44,pool_length,uint16,,,100,,m,,,,,,,1,,
,45,threshold_power,uint16,,,,,watts,,,,,,,1,,
,46,pool_length_unit,display_measure,,,,,,,,,,,,1,,
,47,num_active_lengths,uint16,,,,,lengths,,,,,# of active lengths of swim pool,,1,,
,48,total_work,uint32,,,,,J,,,,,,,1,,
,49,avg_altitude,uint16,,enhanced_avg_altitude,5,500,m,16,,,,,,1,,
,50,max_altitude,uint16,,enhanced_max_altitude,5,500,m,16,,,,,,1,,
,51,gps_accuracy,uint8,,,,,m,,,,,,,1,,
,52,avg_grade,sint16,,,100,,%,,,,,,,1,,
,53,avg_pos_grade,sint16,,,100,,%,,,,,,,1,,
,54,avg_neg_grade,sint16,,,100,,%,,,,,,,1,,
,55,max_pos_grade,sint16,,,100,,%,,,,,,,1,,
,56,max_neg_grade,sint16,,,100,,%,,,,,,,1,,
,57,avg_temperature,sint8,,,,,C,,,,,,,1,,
,58,max_temperature,sint8,,,,,C,,,,,,,1,,
,59,total_moving_time,uint32,,,1000,,s,,,,,,,1,,
,60,avg_pos_vertical_speed,sint16,,,1000,,m/s,,,,,,,1,,
,61,avg_neg_vertical_speed,sint16,,,1000,,m/s,,,,,,,1,,
,62,max_pos_vertical_speed,sint16,,,1000,,m/s,,,,,,,1,,
,63,max_neg_vertical_speed,sint16,,,1000,,m/s,,,,,,,1,,
,64,min_heart_rate,uint8,,,,,bpm,,,,,,,1,,
,65,time_in_hr_zone,uint32,[N],,1000,,s,,,,,,,1,,
,66,time_in_speed_zone,uint32,[N],,1000,,s,,,,,,,1,,
,67,time_in_cadence_zone,uint32,[N],,1000,,s,,,,,,,1,,
,68,time_in_power_zone,uint32,[N],,1000,,s,,,,,,,1,,
,69,avg_lap_time,uint32,,,1000,,s,,,,,,,1,,
,70,best_lap_index,uint16,,,,,,,,,,,,1,,
,71,min_altitude,uint16,,enhanced_min_altitude,5,500,m,16,,,,,,1,,
,82,player_score,uint16,,,,,,,,,,,,1,,
,83,opponent_score,uint16,,,,,,,,,,,,1,,
,84,opponent_name,string,,,,,,,,,,,,1,,
,85,stroke_count,uint16,[N],,,,counts,,,,,stroke_type enum used as the index,,1,,
,86,zone_count,uint16,[N],,,,counts,,,,,zone number used as the index,,1,,
,87,max_ball_speed,uint16,,,100,,m/s,,,,,,,1,,
,88,avg_ball_speed,uint16,,,100,,m/s,,,,,,,1,,
,89,avg_vertical_oscillation,uint16,,,10,,mm,,,,,,,1,,
,90,avg_stance_time_percent,uint16,,,100,,percent,,,,,,,1,,
,91,avg_stance_time,uint16,,,10,,ms,,,,,,,1,,
,92,avg_fractional_cadence,uint8,,,128,,rpm,,,,,fractional part of the avg_cadence,,1,,
,93,max_fractional_cadence,uint8,,,128,,rpm,,,,,fractional part of the max_cadence,,1,,
,94,total_fractional_cycles,uint8,,,128,,cycles,,,,,fractional part of the total_cycles,,1,,
,95,avg_total_hemoglobin_conc,uint16,[N],,100,,g/dL,,,,,Avg saturated and unsaturated hemoglobin,,,,
,96,min_total_hemoglobin_conc,uint16,[N],,100,,g/dL,,,,,Min saturated and unsaturated hemoglobin,,,,
,97,max_total_hemoglobin_conc,uint16,[N],,100,,g/dL,,,,,Max saturated and unsaturated hemoglobin,,,,
,98,avg_saturated_hemoglobin_percent,uint16,[N],,10,,%,,,,,Avg percentage of hemoglobin saturated with oxygen,,,,
,99,min_saturated_hemoglobin_percent,uint16,[N],,10,,%,,,,,Min percentage of hemoglobin saturated with oxygen,,,,
,100,max_saturated_hemoglobin_percent,uint16,[N],,10,,%,,,,,Max percentage of hemoglobin saturated with oxygen,,,,
,101,avg_left_torque_effectiveness,uint8,,,2,,percent,,,,,,,,,
,102,avg_right_torque_effectiveness,uint8,,,2,,percent,,,,,,,,,
,103,avg_left_pedal_smoothness,uint8,,,2,,percent,,,,,,,,,
,104,avg_right_pedal_smoothness,uint8,,,2,,percent,,,,,,,,,
,105,avg_combined_pedal_smoothness,uint8,,,2,,percent,,,,,,,,,
,111,sport_index,uint8,,,,,,,,,,,,1,,
,112,time_standing,uint32,,,1000,,s,,,,,Total time spend in the standing position,,,,
,113,stand_count,uint16,,,,,,,,,,Number of transitions to the standing state,,,,
,114,avg_left_pco,sint8,,,,,mm,,,,,Average platform center offset Left,,,,
,115,avg_right_pco,sint8,,,,,mm,,,,,Average platform center offset Right,,,,
,116,avg_left_power_phase,uint8,[N],,0.7111111,,degrees,,,,,Average left power phase angles. Indexes defined by power_phase_type.,,,,
,117,avg_left_power_phase_peak,uint8,[N],,0.7111111,,degrees,,,,,Average left power phase peak angles. Data value indexes defined by power_phase_type.,,,,
,118,avg_right_power_phase,uint8,[N],,0.7111111,,degrees,,,,,Average right power phase angles. Data value indexes defined by power_phase_type.,,,,
,119,avg_right_power_phase_peak,uint8,[N],,0.7111111,,degrees,,,,,Average right power phase peak angles data value indexes  defined by power_phase_type.,,,,
,120,avg_power_position,uint16,[N],,,,watts,,,,,Average power by position. Data value indexes defined by rider_position_type.,,,,
,121,max_power_position,uint16,[N],,,,watts,,,,,Maximum power by position. Data value indexes defined by rider_position_type.,,,,
,122,avg_cadence_position,uint8,[N],,,,rpm,,,,,Average cadence by position. Data value indexes defined by rider_position_type.,,,,
,123,max_cadence_position,uint8,[N],,,,rpm,,,,,Maximum cadence by position. Data value indexes defined by rider_position_type.,,,,
,124,enhanced_avg_speed,uint32,,,1000,,m/s,,,,,total_distance / total_timer_time,,1,,
,125,enhanced_max_speed,uint32,,,1000,,m/s,,,,,,,1,,
,126,enhanced_avg_altitude,uint32,,,5,500,m,,,,,,,1,,
,127,enhanced_min_altitude,uint32,,,5,500,m,,,,,,,1,,
,128,enhanced_max_altitude,uint32,,,5,500,m,,,,,,,1,,
,129,avg_lev_motor_power,uint16,,,,,watts,,,,,lev average motor power during session,,,,
,130,max_lev_motor_power,uint16,,,,,watts,,,,,lev maximum motor power during session,,,,
,131,lev_battery_consumption,uint8,,,2,,percent,,,,,lev battery consumption during session,,,,
,,,,,,,,,,,,,,,,,
lap,,,,,,,,,,,,,,,,,
,254,message_index,message_index,,,,,,,,,,,,1,,
,253,timestamp,date_time,,,,,s,,,,,Lap end time.,,1,,
,0,event,event,,,,,,,,,,,,1,,
,1,event_type,event_type,,,,,,,,,,,,1,,
,2,start_time,date_time,,,,,,,,,,,,1,,
,3,start_position_lat,sint32,,,,,semicircles,,,,,,,1,,
,4,start_position_long,sint32,,,,,semicircles,,,,,,,1,,
,5,end_position_lat,sint32,,,,,semicircles,,,,,,,1,,
,6,end_position_long,sint32,,,,,semicircles,,,,,,,1,,
,7,total_elapsed_time,uint32,,,1000,,s,,,,,Time (includes pauses),,1,,
,8,total_timer_time,uint32,,,1000,,s,,,,,Timer Time (excludes pauses),,1,,
,9,total_distance,uint32,,,100,,m,,,,,,,1,,
,10,total_cycles,uint32,,,,,cycles,,,,,,,1,,
,,total_strides,uint32,,,,,strides,,,"sport,
sport","running,
walking",,,1,,
,11,total_calories,uint16,,,,,kcal,,,,,,,1,,
,12,total_fat_calories,uint16,,,,,kcal,,,,,If New Leaf,,1,,
,13,avg_speed,uint16,,enhanced_avg_speed,1000,,m/s,16,,,,,,1,,
,14,max_speed,uint16,,enhanced_max_speed,1000,,m/s,16,,,,,,1,,
,15,avg_heart_rate,uint8,,,,,bpm,,,,,,,1,,
,16,max_heart_rate,uint8,,,,,bpm,,,,,,,1,,
,17,avg_cadence,uint8,,,,,rpm,,,,,total_cycles / total_timer_time if non_zero_avg_cadence otherwise total_cycles / total_elapsed_time,,1,,
,,avg_running_cadence,uint8,,,,,strides/min,,,sport,running,,,1,,
,18,max_cadence,uint8,,,,,rpm,,,,,,,1,,
,,max_running_cadence,uint8,,,,,strides/min,,,sport,running,,,1,,
,19,avg_power,uint16,,,,,watts,,,,,total_power / total_timer_time if non_zero_avg_power otherwise total_power / total_elapsed_time,,1,,
,20,max_power,uint16,,,,,watts,,,,,,,1,,
,21,total_ascent,uint16,,,,,m,,,,,,,1,,
,22,total_descent,uint16,,,,,m,,,,,,,1,,
,23,intensity,intensity,,,,,,,,,,,,1,,
,24,lap_trigger,lap_trigger,,,,,,,,,,,,1,,
,25,sport,sport,,,,,,,,,,,,1,,
,26,event_group,uint8,,,,,,,,,,,,1,,
,32,num_lengths,uint16,,,,,lengths,,,,,# of lengths of swim pool,,1,,
,33,normalized_power,uint16,,,,,watts,,,,,,,1,,
,34,left_right_balance,left_right_balance_100,,,,,,,,,,,,1,,
,35,first_length_index,uint16,,,,,,,,,,,,1,,
,37,avg_stroke_distance,uint16,,,100,,m,,,,,,,1,,
,38,swim_stroke,swim_stroke,,,,,,,,,,,,1,,
,39,sub_sport,sub_sport,,,,,,,,,,,,1,,
,40,num_active_lengths,uint16,,,,,lengths,,,,,# of active lengths of swim pool,,1,,
,41,total_work,uint32,,,,,J,,,,,,,1,,
,42,avg_altitude,uint16,,enhanced_avg_altitude,5,500,m,16,,,,,,1,,
,43,max_altitude,uint16,,enhanced_max_altitude,5,500,m,16,,,,,,1,,
,44,gps_accuracy,uint8,,,,,m,,,,,,,1,,
,45,avg_grade,sint16,,,100,,%,,,,,,,1,,
,46,avg_pos_grade,sint16,,,100,,%,,,,,,,1,,
,47,avg_neg_grade,sint16,,,100,,%,,,,,,,1,,
,48,max_pos_grade,sint16,,,100,,%,,,,,,,1,,
,49,max_neg_grade,sint16,,,100,,%,,,,,,,1,,
,50,avg_temperature,sint8,,,,,C,,,,,,,1,,
,51,max_temperature,sint8,,,,,C,,,,,,,1,,
,52,total_moving_time,uint32,,,1000,,s,,,,,,,1,,
,53,avg_pos_vertical_speed,sint16,,,1000,,m/s,,,,,,,1,,
,54,avg_neg_vertical_speed,sint16,,,1000,,m/s,,,,,,,1,,
,55,max_pos_vertical_speed,sint16,,,1000,,m/s,,,,,,,1,,
,56,max_neg_vertical_speed,sint16,,,1000,,m/s,,,,,,,1,,
,57,time_in_hr_zone,uint32,[N],,1000,,s,,,,,,,1,,
,58,time_in_speed_zone,uint32,[N],,1000,,s,,,,,,,1,,
,59,time_in_cadence_zone,uint32,[N],,1000,,s,,,,,,,1,,
,60,time_in_power_zone,uint32,[N],,1000,,s,,,,,,,1,,
,61,repetition_num,uint16,,,,,,,,,,,,1,,
,62,min_altitude,uint16,,enhanced_min_altitude,5,500,m,16,,,,,,1,,
,63,min_heart_rate,uint8,,,,,bpm,,,,,,,1,,
,71,wkt_step_index,message_index,,,,,,,,,,,,1,,
,74,opponent_score,uint16,,,,,,,,,,,,1,,
,75,stroke_count,uint16,[N],,,,counts,,,,,stroke_type enum used as the index,,1,,
,76,zone_count,uint16,[N],,,,counts,,,,,zone number used as the index,,1,,
,77,avg_vertical_oscillation,uint16,,,10,,mm,,,,,,,1,,
,78,avg_stance_time_percent,uint16,,,100,,percent,,,,,,,1,,
,79,avg_stance_time,uint16,,,10,,ms,,,,,,,1,,
,80,avg_fractional_cadence,uint8,,,128,,rpm,,,,,fractional part of the avg_cadence,,1,,
,81,max_fractional_cadence,uint8,,,128,,rpm,,,,,fractional part of the max_cadence,,1,,
,82,total_fractional_cycles,uint8,,,128,,cycles,,,,,fractional part of the total_cycles,,1,,
,83,player_score,uint16,,,,,,,,,,,,1,,
,84,avg_total_hemoglobin_conc,uint16,[N],,100,,g/dL,,,,,Avg saturated and unsaturated hemoglobin,,1,,
,85,min_total_hemoglobin_conc,uint16,[N],,100,,g/dL,,,,,Min saturated and unsaturated hemoglobin,,1,,
,86,max_total_hemoglobin_conc,uint16,[N],,100,,g/dL,,,,,Max saturated and unsaturated hemoglobin,,1,,
,87,avg_saturated_hemoglobin_percent,uint16,[N],,10,,%,,,,,Avg percentage of hemoglobin saturated with oxygen,,1,,
,88,min_saturated_hemoglobin_percent,uint16,[N],,10,,%,,,,,Min percentage of hemoglobin saturated with oxygen,,1,,
,89,max_saturated_hemoglobin_percent,uint16,[N],,10,,%,,,,,Max percentage of hemoglobin saturated with oxygen,,1,,
,91,avg_left_torque_effectiveness,uint8,,,2,,percent,,,,,,,,,
,92,avg_right_torque_effectiveness,uint8,,,2,,percent,,,,,,,,,
,93,avg_left_pedal_smoothness,uint8,,,2,,percent,,,,,,,,,
,94,avg_right_pedal_smoothness,uint8,,,2,,percent,,,,,,,,,
,95,avg_combined_pedal_smoothness,uint8,,,2,,percent,,,,,,,,,
,98,time_standing,uint32,,,1000,,s,,,,,Total time spent in the standing position,,,,
,99,stand_count,uint16,,,,,,,,,,Number of transitions to the standing state,,,,
,100,avg_left_pco,sint8,,,,,mm,,,,,Average left platform center offset,,,,
,101,avg_right_pco,sint8,,,,,mm,,,,,Average right platform center offset,,,,
,102,avg_left_power_phase,uint8,[N],,0.7111111,,degrees,,,,,Average left power phase angles. Data value indexes defined by power_phase_type.,,,,
,103,avg_left_power_phase_peak,uint8,[N],,0.7111111,,degrees,,,,,Average left power phase peak angles. Data value indexes  defined by power_phase_type.,,,,
,104,avg_right_power_phase,uint8,[N],,0.7111111,,degrees,,,,,Average right power phase angles. Data value indexes defined by power_phase_type.,,,,
,105,avg_right_power_phase_peak,uint8,[N],,0.7111111,,degrees,,,,,Average right power phase peak angles. Data value indexes  defined by power_phase_type.,,,,
,106,avg_power_position,uint16,[N],,,,watts,,,,,Average power by position. Data value indexes defined by rider_position_type.,,,,
,107,max_power_position,uint16,[N],,,,watts,,,,,Maximum power by position. Data value indexes defined by rider_position_type.,,,,
,108,avg_cadence_position,uint8,[N],,,,rpm,,,,,Average cadence by position. Data value indexes defined by rider_position_type.,,,,
,109,max_cadence_position,uint8,[N],,,,rpm,,,,,Maximum cadence by position. Data value indexes defined by rider_position_type.,,,,
,110,enhanced_avg_speed,uint32,,,1000,,m/s,,,,,,,1,,
,111,enhanced_max_speed,uint32,,,1000,,m/s,,,,,,,1,,
,112,enhanced_avg_altitude,uint32,,,5,500,m,,,,,,,1,,
,113,enhanced_min_altitude,uint32,,,5,500,m,,,,,,,1,,
,114,enhanced_max_altitude,uint32,,,5,500,m,,,,,,,1,,
,115,avg_lev_motor_power,uint16,,,,,watts,,,,,lev average motor power during lap,,,,
,116,max_lev_motor_power,uint16,,,,,watts,,,,,lev maximum motor power during lap,,,,
,117,lev_battery_consumption,uint8,,,2,,percent,,,,,lev battery consumption during lap,,,,
,,,,,,,,,,,,,,,,,
length,,,,,,,,,,,,,,,,,
,254,message_index,message_index,,,,,,,,,,,,1,,
,253,timestamp,date_time,,,,,,,,,,,,1,,
,0,event,event,,,,,,,,,,,,1,,
,1,event_type,event_type,,,,,,,,,,,,1,,
,2,start_time,date_time,,,,,,,,,,,,1,,
,3,total_elapsed_time,uint32,,,1000,,s,,,,,,,1,,
,4,total_timer_time,uint32,,,1000,,s,,,,,,,1,,
,5,total_strokes,uint16,,,,,strokes,,,,,,,1,,
,6,avg_speed,uint16,,,1000,,m/s,,,,,,,1,,
,7,swim_stroke,swim_stroke,,,,,swim_stroke,,,,,,,1,,
,9,avg_swimming_cadence,uint8,,,,,strokes/min,,,,,,,1,,
,10,event_group,uint8,,,,,,,,,,,,1,,
,11,total_calories,uint16,,,,,kcal,,,,,,,1,,
,12,length_type,length_type,,,,,,,,,,,,1,,
,18,player_score,uint16,,,,,,,,,,,,1,,
,19,opponent_score,uint16,,,,,,,,,,,,1,,
,20,stroke_count,uint16,[N],,,,counts,,,,,stroke_type enum used as the index,,1,,
,21,zone_count,uint16,[N],,,,counts,,,,,zone number used as the index,,1,,
,,,,,,,,,,,,,,,,,
record,,,,,,,,,,,,,,,,,
,253,timestamp,date_time,,,,,s,,,,,,,1,,
,0,position_lat,sint32,,,,,semicircles,,,,,,,1,,
,1,position_long,sint32,,,,,semicircles,,,,,,,1,,
,2,altitude,uint16,,enhanced_altitude,5,500,m,16,,,,,,1,,
,3,heart_rate,uint8,,,,,bpm,,,,,,,1,,
,4,cadence,uint8,,,,,rpm,,,,,,,1,,
,5,distance,uint32,,,100,,m,,,,,,,1,,
,6,speed,uint16,,enhanced_speed,1000,,m/s,16,,,,,,1,,
,7,power,uint16,,,,,watts,,,,,,,1,,
,8,compressed_speed_distance,byte,[3],"speed,
distance","100,
16",,"m/s,
m","12,
12","0,
1",,,,,1,,
,9,grade,sint16,,,100,,%,,,,,,,1,,
,10,resistance,uint8,,,,,,,,,,Relative. 0 is none  254 is Max.,,1,,
,11,time_from_course,sint32,,,1000,,s,,,,,,,1,,
,12,cycle_length,uint8,,,100,,m,,,,,,,1,,
,13,temperature,sint8,,,,,C,,,,,,,1,,
,17,speed_1s,uint8,[N],,16,,m/s,,,,,Speed at 1s intervals.  Timestamp field indicates time of last array element.,,5,,
,18,cycles,uint8,,total_cycles,,,cycles,8,1,,,,,1,,
,19,total_cycles,uint32,,,,,cycles,,,,,,,1,,
,28,compressed_accumulated_power,uint16,,accumulated_power,,,watts,16,1,,,,,1,,
,29,accumulated_power,uint32,,,,,watts,,,,,,,1,,
,30,left_right_balance,left_right_balance,,,,,,,,,,,,1,,
,31,gps_accuracy,uint8,,,,,m,,,,,,,1,,
,32,vertical_speed,sint16,,,1000,,m/s,,,,,,,1,,
,33,calories,uint16,,,,,kcal,,,,,,,1,,
,39,vertical_oscillation,uint16,,,10,,mm,,,,,,,1,,
,40,stance_time_percent,uint16,,,100,,percent,,,,,,,1,,
,41,stance_time,uint16,,,10,,ms,,,,,,,1,,
,42,activity_type,activity_type,,,,,,,,,,,,1,,
,43,left_torque_effectiveness,uint8,,,2,,percent,,,,,,,1,,
,44,right_torque_effectiveness,uint8,,,2,,percent,,,,,,,1,,
,45,left_pedal_smoothness,uint8,,,2,,percent,,,,,,,1,,
,46,right_pedal_smoothness,uint8,,,2,,percent,,,,,,,1,,
,47,combined_pedal_smoothness,uint8,,,2,,percent,,,,,,,1,,
,48,time128,uint8,,,128,,s,,,,,,,1,,
,49,stroke_type,stroke_type,,,,,,,,,,,,1,,
,50,zone,uint8,,,,,,,,,,,,1,,
,51,ball_speed,uint16,,,100,,m/s,,,,,,,1,,
,52,cadence256,uint16,,,256,,rpm,,,,,Log cadence and fractional cadence for backwards compatability,,1,,
,53,fractional_cadence,uint8,,,128,,rpm,,,,,,,1,,
,54,total_hemoglobin_conc,uint16,,,100,,g/dL,,,,,Total saturated and unsaturated hemoglobin,,1,,
,55,total_hemoglobin_conc_min,uint16,,,100,,g/dL,,,,,Min saturated and unsaturated hemoglobin,,1,,
,56,total_hemoglobin_conc_max,uint16,,,100,,g/dL,,,,,Max saturated and unsaturated hemoglobin,,1,,
,57,saturated_hemoglobin_percent,uint16,,,10,,%,,,,,Percentage of hemoglobin saturated with oxygen,,1,,
,58,saturated_hemoglobin_percent_min,uint16,,,10,,%,,,,,Min percentage of hemoglobin saturated with oxygen,,1,,
,59,saturated_hemoglobin_percent_max,uint16,,,10,,%,,,,,Max percentage of hemoglobin saturated with oxygen,,1,,
,62,device_index,device_index,,,,,,,,,,,,1,,
,67,left_pco,sint8,,,,,mm,,,,,Left platform center offset,,,,
,68,right_pco,sint8,,,,,mm,,,,,Right platform center offset,,,,
,69,left_power_phase,uint8,[N],,0.7111111,,degrees,,,,,Left power phase angles. Data value indexes defined by power_phase_type.,,,,
,70,left_power_phase_peak,uint8,[N],,0.7111111,,degrees,,,,,Left power phase peak angles. Data value indexes defined by power_phase_type.,,,,
,71,right_power_phase,uint8,[N],,0.7111111,,degrees,,,,,Right power phase angles. Data value indexes defined by power_phase_type.,,,,
,72,right_power_phase_peak,uint8,[N],,0.7111111,,degrees,,,,,Right power phase peak angles. Data value indexes defined by power_phase_type.,,,,
,73,enhanced_speed,uint32,,,1000,,m/s,,,,,,,1,,
,78,enhanced_altitude,uint32,,,5,500,m,,,,,,,1,,
,81,battery_soc,uint8,,,2,,percent,,,,,lev battery state of charge,,,,
,82,motor_power,uint16,,,,,watts,,,,,lev motor power,,,,
,,,,,,,,,,,,,,,,,
event,,,,,,,,,,,,,,,,,
,253,timestamp,date_time,,,,,s,,,,,,,1,,
,0,event,event,,,,,,,,,,,,1,,
,1,event_type,event_type,,,,,,,,,,,,1,,
,2,data16,uint16,,data,,,,16,,,,,,1,,
,3,data,uint32,,,,,,,,,,,,1,,
,,timer_trigger,timer_trigger,,,,,,,,event,timer,,,1,,
,,course_point_index,message_index,,,,,,,,event,course_point,,,1,,
,,battery_level,uint16,,,1000,,V,,,event,battery,,,1,,
,,virtual_partner_speed,uint16,,,1000,,m/s,,,event,virtual_partner_pace,,,1,,
,,hr_high_alert,uint8,,,,,bpm,,,event,hr_high_alert,,,1,,
,,hr_low_alert,uint8,,,,,bpm,,,event,hr_low_alert,,,1,,
,,speed_high_alert,uint32,,,1000,,m/s,,,event,speed_high_alert,,,1,,
,,speed_low_alert,uint32,,,1000,,m/s,,,event,speed_low_alert,,,1,,
,,cad_high_alert,uint16,,,,,rpm,,,event,cad_high_alert,,,1,,
,,cad_low_alert,uint16,,,,,rpm,,,event,cad_low_alert,,,1,,
,,power_high_alert,uint16,,,,,watts,,,event,power_high_alert,,,1,,
,,power_low_alert,uint16,,,,,watts,,,event,power_low_alert,,,1,,
,,time_duration_alert,uint32,,,1000,,s,,,event,time_duration_alert,,,1,,
,,distance_duration_alert,uint32,,,100,,m,,,event,distance_duration_alert,,,1,,
,,calorie_duration_alert,uint32,,,,,calories,,,event,calorie_duration_alert,,,1,,
,,fitness_equipment_state,fitness_equipment_state,,,,,,,,event,fitness_equipment,,,1,,
,,sport_point,uint32,,"score,opponent_score","1,1",,,"16,16",,event,sport_point,,,1,,
,,gear_change_data,uint32,,"rear_gear_num,
rear_gear,
front_gear_num,
front_gear","1,1,1,1",,,"8,
8,
8,
8",,"event,
event","front_gear_change,
rear_gear_change",,,1,,
,,rider_position,rider_position_type,,,,,,,,event,rider_position_change,Indicates the rider position value.,,,,
,,comm_timeout,comm_timeout_type,,,,,,,,event,comm_timeout,,,,,
,4,event_group,uint8,,,,,,,,,,,,1,,
,7,score,uint16,,,,,,,,,,Do not populate directly.  Autogenerated by decoder for sport_point subfield components,,1,,
,8,opponent_score,uint16,,,,,,,,,,Do not populate directly.  Autogenerated by decoder for sport_point subfield components,,1,,
,9,front_gear_num,uint8z,,,,,,,,,,Do not populate directly.  Autogenerated by decoder for gear_change subfield components.  Front gear number. 1 is innermost.,,1,,
,10,front_gear,uint8z,,,,,,,,,,Do not populate directly.  Autogenerated by decoder for gear_change subfield components.  Number of front teeth.,,1,,
,11,rear_gear_num,uint8z,,,,,,,,,,Do not populate directly.  Autogenerated by decoder for gear_change subfield components.  Rear gear number. 1 is innermost.,,1,,
,12,rear_gear,uint8z,,,,,,,,,,Do not populate directly.  Autogenerated by decoder for gear_change subfield components.  Number of rear teeth.,,1,,
,13,device_index,device_index,,,,,,,,,,,,,,
,,,,,,,,,,,,,,,,,
device_info,,,,,,,,,,,,,,,,,
,253,timestamp,date_time,,,,,s,,,,,,,1,,
,0,device_index,device_index,,,,,,,,,,,,1,,
,1,device_type,uint8,,,,,,,,,,,,1,,
,,antplus_device_type,antplus_device_type,,,,,,,,source_type,antplus,,,1,,
,,ant_device_type,uint8,,,,,,,,source_type,ant,,,1,,
,2,manufacturer,manufacturer,,,,,,,,,,,,1,,
,3,serial_number,uint32z,,,,,,,,,,,,1,,
,4,product,uint16,,,,,,,,,,,,1,,
,,garmin_product,garmin_product,,,,,,,,"manufacturer,
manufacturer,
manufacturer","garmin,
dynastream,
dynastream_oem",,,1,,
,5,software_version,uint16,,,100,,,,,,,,,1,,
,6,hardware_version,uint8,,,,,,,,,,,,1,,
,7,cum_operating_time,uint32,,,,,s,,,,,Reset by new battery or charge.,,1,,
,10,battery_voltage,uint16,,,256,,V,,,,,,,1,,
,11,battery_status,battery_status,,,,,,,,,,,,1,,
,18,sensor_position,body_location,,,,,,,,,,Indicates the location of the sensor,,1,,
,19,descriptor,string,,,,,,,,,,Used to describe the sensor or location,,1,,
,20,ant_transmission_type,uint8z,,,,,,,,,,,,1,,
,21,ant_device_number,uint16z,,,,,,,,,,,,1,,
,22,ant_network,ant_network,,,,,,,,,,,,1,,
,25,source_type,source_type,,,,,,,,,,,,1,,
,,,,,,,,,,,,,,,,,
training_file,,,,,,,,,,,,,Corresponds to file_id of workout or course.,,,,
,253,timestamp,date_time,,,,,,,,,,,,1,,
,0,type,file,,,,,,,,,,,,1,,
,1,manufacturer,manufacturer,,,,,,,,,,,,1,,
,2,product,uint16,,,,,,,,,,,,1,,
,,garmin_product,garmin_product,,,,,,,,"manufacturer,
manufacturer,
manufacturer","garmin,
dynastream,
dynastream_oem",,,1,,
,3,serial_number,uint32z,,,,,,,,,,,,1,,
,4,time_created,date_time,,,,,,,,,,,,1,,
,,,,,,,,,,,,,,,,,
hrv,,,,,,,,,,,,,Heart rate variability,,,,
,0,time,uint16,[N],,1000,,s,,,,,Time between beats,,1,,
,,,,,,,,,,,,,,,,,
,,,COURSE FILE MESSAGES,,,,,,,,,,,,,,
course,,,,,,,,,,,,,,,,,
,4,sport,sport,,,,,,,,,,,,1,,
,5,name,string,,,,,,,,,,,,16,,
,6,capabilities,course_capabilities,,,,,,,,,,,,1,,
,,,,,,,,,,,,,,,,,
course_point,,,,,,,,,,,,,,,,,
,254,message_index,message_index,,,,,,,,,,,,1,,
,1,timestamp,date_time,,,,,,,,,,,,1,,
,2,position_lat,sint32,,,,,semicircles,,,,,,,1,,
,3,position_long,sint32,,,,,semicircles,,,,,,,1,,
,4,distance,uint32,,,100,,m,,,,,,,1,,
,5,type,course_point,,,,,,,,,,,,1,,
,6,name,string,,,,,,,,,,,,16,,
,8,favorite,bool,,,,,,,,,,,,1,,
,,,,,,,,,,,,,,,,,
,,,SEGMENT FILE MESSAGES,,,,,,,,,,,,,,
segment_id,,,,,,,,,,,,,Unique Identification data for a segment file ,,,,
,0,name,string,,,,,,,,,,Friendly name assigned to segment,,1,,
,1,uuid,string,,,,,,,,,,UUID of the segment,,1,,
,2,sport,sport,,,,,,,,,,Sport associated with the segment,,1,,
,3,enabled,bool,,,,,,,,,,Segment enabled for evaluation,,1,,
,4,user_profile_primary_key,uint32,,,,,,,,,,Primary key of the user that created the segment ,,1,,
,5,device_id,uint32,,,,,,,,,,ID of the device that created the segment,,1,,
,6,default_race_leader,uint8,,,,,,,,,,Index for the Leader Board entry selected as the default race participant,,1,,
,7,delete_status,segment_delete_status,,,,,,,,,,Indicates if any segments should be deleted,,1,,
,8,selection_type,segment_selection_type,,,,,,,,,,Indicates how the segment was selected to be sent to the device,,1,,
,,,,,,,,,,,,,,,,,
segment_leaderboard_entry,,,,,,,,,,,,,Unique Identification data for an individual segment leader within a segment file,,,,
,254,message_index,message_index,,,,,,,,,,,,1,,
,0,name,string,,,,,,,,,,Friendly name assigned to leader,,1,,
,1,type,segment_leaderboard_type,,,,,,,,,,Leader classification,,1,,
,2,group_primary_key,uint32,,,,,,,,,,Primary user ID of this leader,,1,,
,3,activity_id,uint32,,,,,,,,,,ID of the activity associated with this leader time,,1,,
,4,segment_time,uint32,,,1000,,s,,,,,Segment Time (includes pauses),,1,,
,5,activity_id_string,string,,,,,,,,,,"String version of the activity_id. 21 characters long, express in decimal",,,,
,,,,,,,,,,,,,,,,,
segment_point,,,,,,,,,,,,,Navigation and race evaluation point for a segment decribing a point along the segment path and time it took each segment leader to reach that point ,,,,
,254,message_index,message_index,,,,,,,,,,,,1,,
,1,position_lat,sint32,,,,,semicircles,,,,,,,1,,
,2,position_long,sint32,,,,,semicircles,,,,,,,1,,
,3,distance,uint32,,,100,,m,,,,,Accumulated distance along the segment at the described point,,1,,
,4,altitude,uint16,,,5,500,m,,,,,Accumulated altitude along the segment at the described point,,1,,
,5,leader_time,uint32,[N],,1000,,s,,,,,Accumualted time each leader board member required to reach the described point. This value is zero for all leader board members at the starting point of the segment. ,,1,,
,,,,,,,,,,,,,,,,,
segment_lap,,,,,,,,,,,,,,,,,
,254,message_index,message_index,,,,,,,,,,,,1,,
,253,timestamp,date_time,,,,,s,,,,,Lap end time.,,1,,
,0,event,event,,,,,,,,,,,,1,,
,1,event_type,event_type,,,,,,,,,,,,1,,
,2,start_time,date_time,,,,,,,,,,,,1,,
,3,start_position_lat,sint32,,,,,semicircles,,,,,,,1,,
,4,start_position_long,sint32,,,,,semicircles,,,,,,,1,,
,5,end_position_lat,sint32,,,,,semicircles,,,,,,,1,,
,6,end_position_long,sint32,,,,,semicircles,,,,,,,1,,
,7,total_elapsed_time,uint32,,,1000,,s,,,,,Time (includes pauses),,1,,
,8,total_timer_time,uint32,,,1000,,s,,,,,Timer Time (excludes pauses),,1,,
,9,total_distance,uint32,,,100,,m,,,,,,,1,,
,10,total_cycles,uint32,,,,,cycles,,,,,,,1,,
,,total_strokes,uint32,,,,,strokes,,,sport,cycling,,,1,,
,11,total_calories,uint16,,,,,kcal,,,,,,,1,,
,12,total_fat_calories,uint16,,,,,kcal,,,,,If New Leaf,,1,,
,13,avg_speed,uint16,,,1000,,m/s,,,,,,,1,,
,14,max_speed,uint16,,,1000,,m/s,,,,,,,1,,
,15,avg_heart_rate,uint8,,,,,bpm,,,,,,,1,,
,16,max_heart_rate,uint8,,,,,bpm,,,,,,,1,,
,17,avg_cadence,uint8,,,,,rpm,,,,,total_cycles / total_timer_time if non_zero_avg_cadence otherwise total_cycles / total_elapsed_time,,1,,
,18,max_cadence,uint8,,,,,rpm,,,,,,,1,,
,19,avg_power,uint16,,,,,watts,,,,,total_power / total_timer_time if non_zero_avg_power otherwise total_power / total_elapsed_time,,1,,
,20,max_power,uint16,,,,,watts,,,,,,,1,,
,21,total_ascent,uint16,,,,,m,,,,,,,1,,
,22,total_descent,uint16,,,,,m,,,,,,,1,,
,23,sport,sport,,,,,,,,,,,,1,,
,24,event_group,uint8,,,,,,,,,,,,1,,
,25,nec_lat,sint32,,,,,semicircles,,,,,North east corner latitude.,,1,,
,26,nec_long,sint32,,,,,semicircles,,,,,North east corner longitude.,,1,,
,27,swc_lat,sint32,,,,,semicircles,,,,,South west corner latitude.,,1,,
,28,swc_long,sint32,,,,,semicircles,,,,,South west corner latitude.,,1,,
,29,name,string,,,,,,,,,,,,16,,
,30,normalized_power,uint16,,,,,watts,,,,,,,1,,
,31,left_right_balance,left_right_balance_100,,,,,,,,,,,,1,,
,32,sub_sport,sub_sport,,,,,,,,,,,,1,,
,33,total_work,uint32,,,,,J,,,,,,,1,,
,34,avg_altitude,uint16,,,5,500,m,,,,,,,1,,
,35,max_altitude,uint16,,,5,500,m,,,,,,,1,,
,36,gps_accuracy,uint8,,,,,m,,,,,,,1,,
,37,avg_grade,sint16,,,100,,%,,,,,,,1,,
,38,avg_pos_grade,sint16,,,100,,%,,,,,,,1,,
,39,avg_neg_grade,sint16,,,100,,%,,,,,,,1,,
,40,max_pos_grade,sint16,,,100,,%,,,,,,,1,,
,41,max_neg_grade,sint16,,,100,,%,,,,,,,1,,
,42,avg_temperature,sint8,,,,,C,,,,,,,1,,
,43,max_temperature,sint8,,,,,C,,,,,,,1,,
,44,total_moving_time,uint32,,,1000,,s,,,,,,,1,,
,45,avg_pos_vertical_speed,sint16,,,1000,,m/s,,,,,,,1,,
,46,avg_neg_vertical_speed,sint16,,,1000,,m/s,,,,,,,1,,
,47,max_pos_vertical_speed,sint16,,,1000,,m/s,,,,,,,1,,
,48,max_neg_vertical_speed,sint16,,,1000,,m/s,,,,,,,1,,
,49,time_in_hr_zone,uint32,[N],,1000,,s,,,,,,,1,,
,50,time_in_speed_zone,uint32,[N],,1000,,s,,,,,,,1,,
,51,time_in_cadence_zone,uint32,[N],,1000,,s,,,,,,,1,,
,52,time_in_power_zone,uint32,[N],,1000,,s,,,,,,,1,,
,53,repetition_num,uint16,,,,,,,,,,,,1,,
,54,min_altitude,uint16,,,5,500,m,,,,,,,1,,
,55,min_heart_rate,uint8,,,,,bpm,,,,,,,1,,
,56,active_time,uint32,,,1000,,s,,,,,,,1,,
,57,wkt_step_index,message_index,,,,,,,,,,,,1,,
,58,sport_event,sport_event,,,,,,,,,,,,1,,
,59,avg_left_torque_effectiveness,uint8,,,2,,percent,,,,,,,1,,
,60,avg_right_torque_effectiveness,uint8,,,2,,percent,,,,,,,1,,
,61,avg_left_pedal_smoothness,uint8,,,2,,percent,,,,,,,1,,
,62,avg_right_pedal_smoothness,uint8,,,2,,percent,,,,,,,1,,
,63,avg_combined_pedal_smoothness,uint8,,,2,,percent,,,,,,,1,,
,64,status,segment_lap_status,,,,,,,,,,,,1,,
,65,uuid,string,,,,,,,,,,,,33,,
,66,avg_fractional_cadence,uint8,,,128,,rpm,,,,,fractional part of the avg_cadence,,1,,
,67,max_fractional_cadence,uint8,,,128,,rpm,,,,,fractional part of the max_cadence,,1,,
,68,total_fractional_cycles,uint8,,,128,,cycles,,,,,fractional part of the total_cycles,,1,,
,69,front_gear_shift_count,uint16,,,,,,,,,,,,1,,
,70,rear_gear_shift_count,uint16,,,,,,,,,,,,1,,
,71,time_standing,uint32,,,1000,,s,,,,,Total time spent in the standing position,,,,
,72,stand_count,uint16,,,,,,,,,,Number of transitions to the standing state,,,,
,73,avg_left_pco,sint8,,,,,mm,,,,,Average left platform center offset,,,,
,74,avg_right_pco,sint8,,,,,mm,,,,,Average right platform center offset,,,,
,75,avg_left_power_phase,uint8,[N],,0.7111111,,degrees,,,,,Average left power phase angles. Data value indexes defined by power_phase_type.,,,,
,76,avg_left_power_phase_peak,uint8,[N],,0.7111111,,degrees,,,,,Average left power phase peak angles. Data value indexes defined by power_phase_type.,,,,
,77,avg_right_power_phase,uint8,[N],,0.7111111,,degrees,,,,,Average right power phase angles. Data value indexes defined by power_phase_type.,,,,
,78,avg_right_power_phase_peak,uint8,[N],,0.7111111,,degrees,,,,,Average right power phase peak angles. Data value indexes defined by power_phase_type.,,,,
,79,avg_power_position,uint16,[N],,,,watts,,,,,Average power by position. Data value indexes defined by rider_position_type.,,,,
,80,max_power_position,uint16,[N],,,,watts,,,,,Maximum power by position. Data value indexes defined by rider_position_type.,,,,
,81,avg_cadence_position,uint8,[N],,,,rpm,,,,,Average cadence by position. Data value indexes defined by rider_position_type.,,,,
,82,max_cadence_position,uint8,[N],,,,rpm,,,,,Maximum cadence by position. Data value indexes defined by rider_position_type.,,,,
,,,,,,,,,,,,,,,,,
,,,SEGMENT LIST FILE MESSAGES,,,,,,,,,,,,,,
segment_file,,,,,,,,,,,,,Summary of the unique segment and leaderboard information associated with a segment file. This message is used to compile a segment list file describing all segment files on a device. The segment list file is used when refreshing the contents of a segment file with the latest available leaderboard information. ,,,,
,254,message_index,message_index,,,,,,,,,,,,1,,
,1,file_uuid,string,,,,,,,,,,UUID of the segment file,,1,,
,3,enabled,bool,,,,,,,,,,Enabled state of the segment file,,1,,
,4,user_profile_primary_key,uint32,,,,,,,,,,Primary key of the user that created the segment file,,1,,
,7,leader_type,segment_leaderboard_type,[N],,,,,,,,,Leader type of each leader in the segment file,,1,,
,8,leader_group_primary_key,uint32,[N],,,,,,,,,Group primary key of each leader in the segment file,,1,,
,9,leader_activity_id,uint32,[N],,,,,,,,,Activity ID of each leader in the segment file,,1,,
,10,leader_activity_id_string,string,[N],,,,,,,,,"String version of the activity ID of each leader in the segment file. 21 characters long for each ID, express in decimal",,,,
,,,,,,,,,,,,,,,,,
,,,WORKOUT FILE MESSAGES,,,,,,,,,,,,,,
workout,,,,,,,,,,,,,,,,,
,4,sport,sport,,,,,,,,,,,,1,,
,5,capabilities,workout_capabilities,,,,,,,,,,,,1,,
,6,num_valid_steps,uint16,,,,,,,,,,number of valid steps,,1,,
,8,wkt_name,string,,,,,,,,,,,,16,,
,,,,,,,,,,,,,,,,,
workout_step,,,,,,,,,,,,,,,,,
,254,message_index,message_index,,,,,,,,,,,,1,,
,0,wkt_step_name,string,,,,,,,,,,,,16,,
,1,duration_type,wkt_step_duration,,,,,,,,,,,,1,,
,2,duration_value,uint32,,,,,,,,,,,,1,,
,,duration_time,uint32,,,1000,,s,,,"duration_type,duration_type","time,repetition_time",,,1,,
,,duration_distance,uint32,,,100,,m,,,duration_type,distance,,,1,,
,,duration_hr,workout_hr,,,,,% or bpm,,,"duration_type,duration_type","hr_less_than,hr_greater_than",,,1,,
,,duration_calories,uint32,,,,,calories,,,duration_type,calories,,,1,,
,,duration_step,uint32,,,,,,,,"duration_type,duration_type,duration_type,duration_type,duration_type,duration_type,duration_type,duration_type","repeat_until_steps_cmplt,repeat_until_time,repeat_until_distance,repeat_until_calories,repeat_until_hr_less_than,repeat_until_hr_greater_than,repeat_until_power_less_than,repeat_until_power_greater_than",message_index of step to loop back to. Steps are assumed to be in the order by message_index. custom_name and intensity members are undefined for this duration type.,,1,,
,,duration_power,workout_power,,,,,% or watts,,,"duration_type,duration_type","power_less_than,power_greater_than",,,1,,
,3,target_type,wkt_step_target,,,,,,,,,,,,1,,
,4,target_value,uint32,,,,,,,,,,,,1,,
,,target_hr_zone,uint32,,,,,,,,target_type,heart_rate,hr zone (1-5),Custom =0,,,1
,,target_power_zone,uint32,,,,,,,,target_type,power,Power Zone ( 1-7), Custom = 0,,,1
,,repeat_steps,uint32,,,,,,,,duration_type,repeat_until_steps_cmplt,# of repetitions,,1,,
,,repeat_time,uint32,,,1000,,s,,,duration_type,repeat_until_time,,,1,,
,,repeat_distance,uint32,,,100,,m,,,duration_type,repeat_until_distance,,,1,,
,,repeat_calories,uint32,,,,,calories,,,duration_type,repeat_until_calories,,,1,,
,,repeat_hr,workout_hr,,,,,% or bpm,,,"duration_type,
duration_type","repeat_until_hr_less_than,
repeat_until_hr_greater_than",,,1,,
,,repeat_power,workout_power,,,,,% or watts,,,"duration_type,
duration_type","repeat_until_power_less_than,
repeat_until_power_greater_than",,,1,,
,5,custom_target_value_low,uint32,,,,,,,,,,,,1,,
,,custom_target_speed_low,uint32,,,1000,,m/s,,,target_type,speed,,,1,,
,,custom_target_heart_rate_low,workout_hr,,,,,% or bpm,,,target_type,heart_rate,,,1,,
,,custom_target_cadence_low,uint32,,,,,rpm,,,target_type,cadence,,,1,,
,,custom_target_power_low,workout_power,,,,,% or watts,,,target_type,power,,,1,,
,6,custom_target_value_high,uint32,,,,,,,,,,,,1,,
,,custom_target_speed_high,uint32,,,1000,,m/s,,,target_type,speed,,,1,,
,,custom_target_heart_rate_high,workout_hr,,,,,% or bpm,,,target_type,heart_rate,,,1,,
,,custom_target_cadence_high,uint32,,,,,rpm,,,target_type,cadence,,,1,,
,,custom_target_power_high,workout_power,,,,,% or watts,,,target_type,power,,,1,,
,7,intensity,intensity,,,,,,,,,,,,1,,
,,,,,,,,,,,,,,,,,
,,,SCHEDULE FILE MESSAGES,,,,,,,,,,,,,,
schedule,,,,,,,,,,,,,,,,,
,0,manufacturer,manufacturer,,,,,,,,,,Corresponds to file_id of scheduled workout / course.,,1,,
,1,product,uint16,,,,,,,,,,Corresponds to file_id of scheduled workout / course.,,1,,
,,garmin_product,garmin_product,,,,,,,,"manufacturer,
manufacturer,
manufacturer","garmin,
dynastream,
dynastream_oem",,,1,,
,2,serial_number,uint32z,,,,,,,,,,Corresponds to file_id of scheduled workout / course.,,1,,
,3,time_created,date_time,,,,,,,,,,Corresponds to file_id of scheduled workout / course.,,1,,
,4,completed,bool,,,,,,,,,,TRUE if this activity has been started,,1,,
,5,type,schedule,,,,,,,,,,,,1,,
,6,scheduled_time,local_date_time,,,,,,,,,,,,1,,
,,,,,,,,,,,,,,,,,
,,,TOTALS FILE MESSAGES,,,,,,,,,,,,,,
totals,,,,,,,,,,,,,,,,,
,254,message_index,message_index,,,,,,,,,,,,1,,
,253,timestamp,date_time,,,,,s,,,,,,,1,,
,0,timer_time,uint32,,,,,s,,,,,Excludes pauses,,1,,
,1,distance,uint32,,,,,m,,,,,,,1,,
,2,calories,uint32,,,,,kcal,,,,,,,1,,
,3,sport,sport,,,,,,,,,,,,1,,
,4,elapsed_time,uint32,,,,,s,,,,,Includes pauses,,1,,
,5,sessions,uint16,,,,,,,,,,,,1,,
,6,active_time,uint32,,,,,s,,,,,,,1,,
,9,sport_index,uint8,,,,,,,,,,,,,,
,,,,,,,,,,,,,,,,,
,,,WEIGHT SCALE FILE MESSAGES,,,,,,,,,,,,,,
weight_scale,,,,,,,,,,,,,,,,,
,253,timestamp,date_time,,,,,s,,,,,,,1,,
,0,weight,weight,,,100,,kg,,,,,,,1,,
,1,percent_fat,uint16,,,100,,%,,,,,,,1,,
,2,percent_hydration,uint16,,,100,,%,,,,,,,1,,
,3,visceral_fat_mass,uint16,,,100,,kg,,,,,,,1,,
,4,bone_mass,uint16,,,100,,kg,,,,,,,1,,
,5,muscle_mass,uint16,,,100,,kg,,,,,,,1,,
,7,basal_met,uint16,,,4,,kcal/day,,,,,,,1,,
,8,physique_rating,uint8,,,,,,,,,,,,1,,
,9,active_met,uint16,,,4,,kcal/day,,,,,"~4kJ per kcal, 0.25 allows max 16384 kcal",,1,,
,10,metabolic_age,uint8,,,,,years,,,,,,,1,,
,11,visceral_fat_rating,uint8,,,,,,,,,,,,1,,
,12,user_profile_index,message_index,,,,,,,,,,Associates this weight scale message to a user.  This corresponds to the index of the user profile message in the weight scale file.,,1,,
,,,,,,,,,,,,,,,,,
,,,BLOOD PRESSURE FILE MESSAGES,,,,,,,,,,,,,,
blood_pressure,,,,,,,,,,,,,,,,,
,253,timestamp,date_time,,,,,s,,,,,,,1,,
,0,systolic_pressure,uint16,,,,,mmHg,,,,,,,1,,
,1,diastolic_pressure,uint16,,,,,mmHg,,,,,,,1,,
,2,mean_arterial_pressure,uint16,,,,,mmHg,,,,,,,1,,
,3,map_3_sample_mean,uint16,,,,,mmHg,,,,,,,1,,
,4,map_morning_values,uint16,,,,,mmHg,,,,,,,1,,
,5,map_evening_values,uint16,,,,,mmHg,,,,,,,1,,
,6,heart_rate,uint8,,,,,bpm,,,,,,,1,,
,7,heart_rate_type,hr_type,,,,,,,,,,,,1,,
,8,status,bp_status,,,,,,,,,,,,1,,
,9,user_profile_index,message_index,,,,,,,,,,Associates this blood pressure message to a user.  This corresponds to the index of the user profile message in the blood pressure file.,,1,,
,,,,,,,,,,,,,,,,,
,,,MONITORING FILE MESSAGES,,,,,,,,,,,,,,
monitoring_info,,,,,,,,,,,,,,,,,
,253,timestamp,date_time,,,,,s,,,,,,,1,,
,0,local_timestamp,local_date_time,,,,,s,,,,,Use to convert activity timestamps to local time if device does not support time zone and daylight savings time correction.,,1,,
,1,activity_type,activity_type,[N],,,,,,,,,,,,,
,3,cycles_to_distance,uint16,[N],,5000,,m/cycle,,,,,Indexed by activity_type,,,,
,4,cycles_to_calories,uint16,[N],,5000,,kcal/cycle,,,,,Indexed by activity_type,,,,
,5,resting_metabolic_rate,uint16,,,,,kcal / day,,,,,,,,,
,,,,,,,,,,,,,,,,,
monitoring,,,,,,,,,,,,,,,,,
,253,timestamp,date_time,,,,,s,,,,,"Must align to logging interval, for example, time must be 00:00:00 for daily log.",,1,,
,0,device_index,device_index,,,,,,,,,,Associates this data to device_info message.  Not required for file with single device (sensor).,,1,,
,1,calories,uint16,,,,,kcal,,,,,Accumulated total calories.  Maintained by MonitoringReader for each activity_type.  See SDK documentation,,1,,
,2,distance,uint32,,,100,,m,,,,,Accumulated distance.  Maintained by MonitoringReader for each activity_type.  See SDK documentation.,,1,,
,3,cycles,uint32,,,2,,cycles,,,,,Accumulated cycles.  Maintained by MonitoringReader for each activity_type.  See SDK documentation.,,1,,
,,steps,uint32,,,1,,steps,,,"activity_type,
activity_type","walking,
running",,,,,
,,strokes,uint32,,,2,,strokes,,,"activity_type,
activity_type","cycling,
swimming",,,1,,
,4,active_time,uint32,,,1000,,s,,,,,,,1,,
,5,activity_type,activity_type,,,,,,,,,,,,1,,
,6,activity_subtype,activity_subtype,,,,,,,,,,,,1,,
,7,activity_level,activity_level,,,,,,,,,,,,,,
,8,distance_16,uint16,,,,,100 * m,,,,,,,1,,
,9,cycles_16,uint16,,,,,2 * cycles (steps),,,,,,,1,,
,10,active_time_16,uint16,,,,,s,,,,,,,1,,
,11,local_timestamp,local_date_time,,,,,,,,,,"Must align to logging interval, for example, time must be 00:00:00 for daily log.",,1,,
,12,temperature,sint16,,,100,,C,,,,,Avg temperature during the logging interval ended at timestamp,,,,
,14,temperature_min,sint16,,,100,,C,,,,,Min temperature during the logging interval ended at timestamp,,,,
,15,temperature_max,sint16,,,100,,C,,,,,Max temperature during the logging interval ended at timestamp,,,,
,16,activity_time,uint16,[8],,,,minutes,,,,,Indexed using minute_activity_level enum,,,,
,19,active_calories,uint16,,,,,kcal,,,,,,,,,
,24,current_activity_type_intensity,byte,,"activity_type,intensity",,,,"5,3",,,,Indicates single type / intensity for duration since last monitoring message.,,,,
,25,timestamp_min_8,uint8,,,,,min,,,,,,,,,
,26,timestamp_16,uint16,,,,,s,,,,,,,,,
,27,heart_rate,uint8,,,,,bpm,,,,,,,,,
,28,intensity,uint8,,,10,,,,,,,,,,,
,29,duration_min,uint16,,,,,min,,,,,,,,,
,30,duration,uint32,,,,,s,,,,,,,,,
,,,,,,,,,,,,,,,,,
,,,OTHER MESSAGES,,,,,,,,,,,,,,
memo_glob,,,,,,,,,,,,,,,,,
,250,part_index,uint32,,,,,,,,,,Sequence number of memo blocks,,,,
,0,memo,byte,[N],,,,,,,,,Block of utf8 bytes ,,,,
,1,message_number,uint16,,,,,,,,,,Allows relating glob to another mesg  If used only required for first part of each memo_glob,,,,
,2,message_index,message_index,,,,,,,,,,Index of external mesg,,,,
